step,type,amount,nameOrig,oldbalanceOrg,newbalanceOrig,nameDest,oldbalanceDest,newbalanceDest,isFraud,isPayment,isMovement,accountDiff
206,CASH_OUT,62927.08,C473782114,0.0,0.0,C2096898696,649420.67,712347.75,0,0,1,649420.67
380,PAYMENT,32851.57,C1915112886,0.0,0.0,M916879292,0.0,0.0,0,1,0,0.0
570,CASH_OUT,1131750.38,C1396198422,1131750.38,0.0,C1612235515,313070.53,1444820.92,1,0,1,818679.8499999999
184,CASH_OUT,60519.74,C982551468,60519.74,0.0,C1378644910,54295.32,182654.5,1,0,1,6224.419999999998
162,CASH_IN,46716.01,C1759889425,7668050.6,7714766.61,C2059152908,2125468.75,2078752.75,0,0,0,5542581.85
350,PAYMENT,16013.85,C2093859850,72766.0,56752.15,M1803659246,0.0,0.0,0,1,0,72766.0
306,CASH_OUT,277310.34,C1480259234,0.0,0.0,C410033330,13379400.65,13656710.99,0,0,1,13379400.65
332,CASH_OUT,184157.68,C399464792,188588.19,4430.51,C295235726,358753.74,542911.42,0,0,1,170165.55
330,CASH_IN,136804.02,C304503510,20781.0,157585.02,C1682763714,707549.54,570745.52,0,0,0,686768.54
259,CASH_IN,60609.99,C2089244493,2907876.74,2968486.73,C277506714,823473.0,762863.01,0,0,0,2084403.7400000002
401,CASH_OUT,151635.96,C1084030527,0.0,0.0,C136327999,2405684.29,2557320.26,0,0,1,2405684.29
520,CASH_IN,466356.34,C52543009,100790.0,567146.34,C97745266,768467.85,302111.51,0,0,0,667677.85
308,PAYMENT,27040.37,C1641952338,0.0,0.0,M2132912796,0.0,0.0,0,1,0,0.0
236,PAYMENT,5103.33,C420018537,0.0,0.0,M443337482,0.0,0.0,0,1,0,0.0
39,CASH_OUT,276355.83,C510701952,291049.47,14693.64,C1100165965,317546.08,593901.91,0,0,1,26496.610000000044
229,PAYMENT,16077.15,C1060479643,242950.47,226873.31,M416071416,0.0,0.0,0,1,0,242950.47
394,CASH_IN,324152.21,C527914865,31814.0,355966.21,C829800422,284128.54,0.0,0,0,0,252314.53999999998
39,CASH_OUT,130780.79,C642990403,0.0,0.0,C1321640594,5863771.29,5994552.08,0,0,1,5863771.29
413,CASH_OUT,341441.17,C204567702,341441.17,0.0,C1336378574,0.0,341441.17,1,0,1,341441.17
401,CASH_IN,234017.94,C335715053,32130.0,266147.94,C1687123623,0.0,0.0,0,0,0,32130.0
207,CASH_OUT,128820.98,C1698686177,0.0,0.0,C1937225453,261131.91,389952.89,0,0,1,261131.91
276,TRANSFER,212789.44,C2039619142,31101.0,0.0,C860069132,0.0,212789.44,0,0,1,31101.0
254,CASH_IN,384286.74,C151233129,0.0,384286.74,C1863730960,1061621.25,677334.51,0,0,0,1061621.25
181,TRANSFER,2045372.51,C227611441,0.0,0.0,C1140768897,2053303.59,4098676.1,0,0,1,2053303.59
14,CASH_IN,366062.58,C2138426309,9892065.45,10258128.03,C1453128758,3034569.38,2699195.69,0,0,0,6857496.069999999
251,CASH_OUT,66862.7,C1170732934,0.0,0.0,C1016521110,263312.42,330175.13,0,0,1,263312.42
307,CASH_OUT,131829.43,C802845613,104496.0,0.0,C2104828062,3206734.33,3338563.76,0,0,1,3102238.33
688,CASH_IN,271189.26,C143066358,80599.0,351788.26,C1184706882,6176.28,0.0,0,0,0,74422.72
551,TRANSFER,813992.49,C460547143,813992.49,0.0,C830306578,0.0,0.0,1,0,1,813992.49
509,CASH_OUT,2656973.04,C759396393,2656973.04,0.0,C899155690,654028.45,3311001.49,1,0,1,2002944.59
371,CASH_OUT,552889.44,C354389891,359610.0,0.0,C1313296600,371388.4,924277.84,0,0,1,11778.400000000023
159,TRANSFER,54247.9,C2135201344,0.0,0.0,C1189020503,573971.17,628219.08,0,0,1,573971.17
17,PAYMENT,1004.5,C1213556839,24104.54,23100.05,M144701668,0.0,0.0,0,1,0,24104.54
305,CASH_OUT,360485.48,C2072185604,726065.0,365579.52,C1749967822,9822.44,370307.92,0,0,1,716242.56
133,CASH_OUT,899782.7,C1241123022,899782.7,0.0,C28614156,106863.62,1006646.32,1,0,1,792919.08
650,TRANSFER,18982.32,C536221830,18982.32,0.0,C659146767,0.0,0.0,1,0,1,18982.32
41,CASH_IN,60629.56,C660697057,7490906.09,7551535.65,C1025896532,3770414.69,3709785.14,0,0,0,3720491.4
193,PAYMENT,6081.62,C73962,44958.47,38876.85,M582958752,0.0,0.0,0,1,0,44958.47
187,CASH_IN,113789.33,C1202738578,5264884.99,5378674.32,C2081913112,392837.69,279048.36,0,0,0,4872047.3
105,CASH_OUT,539087.79,C1597812887,539087.79,0.0,C1452774204,44825.34,583913.14,1,0,1,494262.45000000007
379,CASH_IN,260669.55,C556364753,619126.59,879796.14,C660134907,3223367.17,2962697.61,0,0,0,2604240.58
25,CASH_OUT,781953.11,C1665079678,781953.11,0.0,C1566512642,0.0,781953.11,1,0,1,781953.11
320,TRANSFER,248409.56,C2096636104,248409.56,0.0,C1589898085,0.0,0.0,1,0,1,248409.56
210,CASH_OUT,1663895.14,C278631744,1663895.14,0.0,C542333894,0.0,1663895.14,1,0,1,1663895.14
252,PAYMENT,44684.46,C428366110,309979.0,265294.54,M278692788,0.0,0.0,0,1,0,309979.0
179,TRANSFER,714428.18,C1481440599,28720.0,0.0,C1596146212,2014961.65,2522669.81,0,0,1,1986241.65
151,CASH_OUT,147080.42,C249982146,147080.42,0.0,C627570303,0.0,147080.42,1,0,1,147080.42
647,TRANSFER,964876.58,C1995588993,964876.58,0.0,C1782972951,0.0,0.0,1,0,1,964876.58
561,TRANSFER,2763025.35,C829335128,2763025.35,0.0,C897120803,0.0,0.0,1,0,1,2763025.35
357,CASH_IN,214148.77,C1019778702,0.0,214148.77,C1308489613,1259630.7,1045481.94,0,0,0,1259630.7
322,CASH_OUT,83618.97,C120035315,0.0,0.0,C1793161668,30306378.84,30389997.81,0,0,1,30306378.84
426,PAYMENT,4150.78,C2054886581,253151.08,249000.3,M991424855,0.0,0.0,0,1,0,253151.08
357,PAYMENT,1531.42,C1072321122,0.0,0.0,M863504008,0.0,0.0,0,1,0,0.0
130,CASH_OUT,99776.21,C1691833586,17729.11,0.0,C914090576,115310.0,31839617.36,0,0,1,97580.89
398,CASH_OUT,8020.7,C520113181,0.0,0.0,C1518119248,2647802.61,2655823.31,0,0,1,2647802.61
541,TRANSFER,3297243.38,C411433616,3297243.38,0.0,C1948800216,0.0,0.0,1,0,1,3297243.38
1,PAYMENT,3004.57,C150079886,0.0,0.0,M1818453711,0.0,0.0,0,1,0,0.0
229,CASH_IN,130215.51,C1948149434,1534350.12,1664565.62,C1783495015,1058751.02,928535.52,0,0,0,475599.1000000001
206,CASH_OUT,227368.02,C955599896,390.0,0.0,C90781481,136448.71,363816.74,0,0,1,136058.71
350,CASH_OUT,2728625.68,C67550882,2728625.68,0.0,C58470057,8454424.24,11183049.93,1,0,1,5725798.5600000005
298,CASH_IN,210423.76,C389503797,8960804.19,9171227.94,C699651796,1657184.49,1446760.73,0,0,0,7303619.699999999
347,CASH_OUT,87842.32,C1562394349,0.0,0.0,C878798859,2511509.93,2599352.25,0,0,1,2511509.93
669,TRANSFER,57658.26,C485976806,57658.26,0.0,C399785222,0.0,0.0,1,0,1,57658.26
202,PAYMENT,1913.52,C1401340311,0.0,0.0,M2144427830,0.0,0.0,0,1,0,0.0
467,CASH_OUT,2108440.98,C858034086,2108440.98,0.0,C233159904,0.0,2108440.98,1,0,1,2108440.98
250,PAYMENT,24320.27,C38843455,0.0,0.0,M1368447378,0.0,0.0,0,1,0,0.0
256,CASH_OUT,206262.14,C1604693337,0.0,0.0,C39702076,447487.38,653749.53,0,0,1,447487.38
159,CASH_IN,69349.3,C197929180,2577130.55,2646479.85,C196302992,94267.74,24918.44,0,0,0,2482862.8099999996
188,CASH_OUT,96090.23,C2007642534,0.0,0.0,C241266010,3834845.09,3930935.31,0,0,1,3834845.09
325,TRANSFER,1445166.74,C757889087,1445166.74,0.0,C688244166,0.0,0.0,1,0,1,1445166.74
19,CASH_IN,92140.34,C732406243,11856797.72,11948938.06,C640681148,595439.28,727222.69,0,0,0,11261358.440000001
355,TRANSFER,1123218.64,C1870979272,103180.5,0.0,C1983898276,2159675.37,3282894.01,0,0,1,2056494.87
351,CASH_OUT,118111.77,C702710728,118111.77,0.0,C5500994,0.0,118111.77,1,0,1,118111.77
170,TRANSFER,147649.37,C220889804,147649.37,0.0,C1303263986,0.0,0.0,1,0,1,147649.37
229,PAYMENT,9201.63,C1305448188,0.0,0.0,M614960736,0.0,0.0,0,1,0,0.0
730,CASH_OUT,10000000.0,C1700232450,10000000.0,0.0,C125311108,0.0,10000000.0,1,0,1,10000000.0
35,CASH_OUT,299413.72,C1496515040,210927.0,0.0,C84502945,0.0,299413.72,0,0,1,210927.0
394,PAYMENT,908.69,C59935735,0.0,0.0,M1269436079,0.0,0.0,0,1,0,0.0
395,CASH_OUT,69552.77,C1593570891,11184.0,0.0,C1382373683,0.0,69552.77,0,0,1,11184.0
42,CASH_OUT,86646.89,C1739570413,0.0,0.0,C652540949,132212.74,218859.62,0,0,1,132212.74
16,PAYMENT,30967.94,C255134598,112337.45,81369.51,M1981877785,0.0,0.0,0,1,0,112337.45
183,PAYMENT,10371.95,C476799441,79.69,0.0,M1188988546,0.0,0.0,0,1,0,79.69
250,CASH_OUT,186552.69,C581505390,37617.0,0.0,C1161159002,0.0,186552.69,0,0,1,37617.0
188,CASH_IN,147554.47,C822361466,24015.0,171569.47,C1829021615,3339.25,0.0,0,0,0,20675.75
522,TRANSFER,59250.11,C1845085414,59250.11,0.0,C1517088370,0.0,0.0,1,0,1,59250.11
401,CASH_OUT,130293.01,C1990977750,97983.0,0.0,C790031841,127558.57,257851.57,0,0,1,29575.570000000007
381,CASH_OUT,703882.14,C536229178,703882.14,0.0,C1631425585,100650.86,804533.01,1,0,1,603231.28
259,TRANSFER,248071.56,C1429503291,248071.56,0.0,C1044014885,0.0,0.0,1,0,1,248071.56
278,CASH_OUT,459341.02,C691669300,0.0,0.0,C1046338731,5250087.83,5709428.85,0,0,1,5250087.83
298,CASH_IN,406284.34,C1273207507,87935.0,494219.34,C727827058,0.0,0.0,0,0,0,87935.0
202,CASH_OUT,187371.29,C1422486631,15137.0,0.0,C1153336807,1790998.54,1978369.83,0,0,1,1775861.54
397,CASH_IN,147079.69,C1744161152,10892.0,157971.69,C1493974607,4678.54,0.0,0,0,0,6213.46
232,PAYMENT,2563.81,C458924402,0.0,0.0,M2067777171,0.0,0.0,0,1,0,0.0
600,TRANSFER,612229.86,C191516415,612229.86,0.0,C278468625,0.0,0.0,1,0,1,612229.86
299,TRANSFER,5166728.87,C811562034,5166728.87,0.0,C1606899764,0.0,0.0,1,0,1,5166728.87
130,CASH_OUT,245905.14,C628453425,0.0,0.0,C189661426,370483.55,616388.69,0,0,1,370483.55
37,CASH_OUT,18369.5,C1118062365,280089.0,261719.5,C890630379,368307.4,477592.44,0,0,1,88218.40000000002
300,PAYMENT,74916.14,C298632082,275220.0,200303.86,M313307389,0.0,0.0,0,1,0,275220.0
160,CASH_OUT,14634.55,C644860107,0.0,0.0,C1693114343,297044.42,311678.97,0,0,1,297044.42
308,CASH_IN,110224.09,C1173996345,35964.0,146188.09,C2041539695,454413.59,344189.5,0,0,0,418449.59
206,CASH_IN,107671.52,C1811116893,20853.0,128524.52,C98226272,3603031.0,3495359.48,0,0,0,3582178.0
130,CASH_IN,122446.77,C1037680795,20918.0,143364.77,C443044241,0.0,0.0,0,0,0,20918.0
377,PAYMENT,21550.42,C920146913,0.0,0.0,M1048906316,0.0,0.0,0,1,0,0.0
259,CASH_IN,16296.92,C1389760812,936757.95,953054.87,C278138839,390273.48,373976.56,0,0,0,546484.47
236,CASH_OUT,188473.73,C1803773779,0.0,0.0,C759357488,10323212.18,10511685.91,0,0,1,10323212.18
713,TRANSFER,4130371.73,C589050166,4130371.73,0.0,C2115142048,0.0,0.0,1,0,1,4130371.73
499,TRANSFER,488243.65,C2117568077,488243.65,0.0,C1238599279,0.0,0.0,1,0,1,488243.65
205,CASH_IN,7650.6,C1466699934,59706.0,67356.6,C331276682,3510522.89,3502872.29,0,0,0,3450816.89
185,CASH_OUT,28808.76,C867203023,0.0,0.0,C688440459,44969.02,73777.78,0,0,1,44969.02
695,TRANSFER,1305754.09,C1383489618,1305754.09,0.0,C1527197718,0.0,0.0,1,0,1,1305754.09
280,CASH_OUT,177023.02,C672193931,0.0,0.0,C1838178274,701771.15,878794.17,0,0,1,701771.15
282,CASH_IN,104080.99,C2049997589,21061017.2,21165098.19,C2077616626,825505.31,721424.32,0,0,0,20235511.89
378,PAYMENT,9662.05,C1393330314,11094.6,1432.55,M2012676735,0.0,0.0,0,1,0,11094.6
227,CASH_OUT,98087.23,C1054119151,89.0,0.0,C210915814,7839575.66,7937662.89,0,0,1,7839486.66
20,CASH_IN,29440.38,C879373054,445816.34,475256.72,C1189179252,2116544.44,2087104.06,0,0,0,1670728.0999999999
13,CASH_IN,410601.52,C1483221637,89688.0,500289.52,C427346199,0.0,0.0,0,0,0,89688.0
460,CASH_OUT,58058.98,C625520344,58058.98,0.0,C1699367271,822974.58,881033.56,1,0,1,764915.6
352,PAYMENT,41093.69,C101605285,62827.0,21733.31,M1874238065,0.0,0.0,0,1,0,62827.0
482,TRANSFER,732198.35,C1898408959,732198.35,0.0,C38559733,0.0,0.0,1,0,1,732198.35
212,CASH_OUT,362988.52,C739877872,362988.52,0.0,C1957802478,2158316.76,2521305.27,1,0,1,1795328.2399999998
206,PAYMENT,1565.64,C1714134128,16351.24,14785.59,M1733917208,0.0,0.0,0,1,0,16351.24
12,CASH_OUT,11284.25,C1599396990,0.0,0.0,C613154714,29383.0,829670.66,0,0,1,29383.0
397,CASH_IN,302487.17,C998405255,6353104.27,6655591.44,C1259235834,1143877.83,841390.67,0,0,0,5209226.4399999995
332,CASH_OUT,127564.01,C1802205730,0.0,0.0,C1913313243,3180050.13,3307614.14,0,0,1,3180050.13
358,CASH_IN,154357.21,C1791315961,399459.94,553817.15,C318179364,5357425.02,5203067.81,0,0,0,4957965.079999999
7,PAYMENT,8406.67,C2012087675,9263.0,856.33,M1256815829,0.0,0.0,0,1,0,9263.0
263,CASH_IN,14319.86,C15282076,20661.0,34980.86,C1050364398,0.0,0.0,0,0,0,20661.0
321,CASH_OUT,59628.24,C1826008632,59628.24,0.0,C1992468113,686111.28,745739.53,1,0,1,626483.04
380,CASH_IN,386910.41,C1798155382,6597012.45,6983922.86,C1684459829,590694.03,203783.62,0,0,0,6006318.42
329,CASH_OUT,84312.29,C1963429607,84312.29,0.0,C1947737398,121545.95,205858.24,1,0,1,37233.66
307,PAYMENT,25192.92,C1564184156,35890.0,10697.08,M446319035,0.0,0.0,0,1,0,35890.0
39,PAYMENT,9185.5,C1850641138,0.0,0.0,M1306049591,0.0,0.0,0,1,0,0.0
323,CASH_IN,49527.99,C193627389,1795262.06,1844790.05,C1701860507,1153660.8,1104132.82,0,0,0,641601.26
160,CASH_IN,90668.57,C1671556990,69879.0,160547.57,C1619402333,18642367.5,18551698.93,0,0,0,18572488.5
371,CASH_IN,148806.1,C429490487,1474002.29,1622808.38,C881121415,6706288.14,6557482.04,0,0,0,5232285.85
199,TRANSFER,80885.48,C1191502221,80885.48,0.0,C1529468994,0.0,0.0,1,0,1,80885.48
570,PAYMENT,8205.11,C1307029746,5719.0,0.0,M1577962956,0.0,0.0,0,1,0,5719.0
136,CASH_IN,256127.11,C1596319654,5522348.32,5778475.43,C109198669,2648921.52,2392794.4,0,0,0,2873426.8000000003
640,TRANSFER,49871.73,C1236485428,49871.73,0.0,C1412551637,0.0,0.0,1,0,1,49871.73
129,TRANSFER,617668.37,C511096622,617668.37,0.0,C1787080738,0.0,0.0,1,0,1,617668.37
160,CASH_OUT,411134.37,C1095107801,0.0,0.0,C399448561,4731390.53,5142524.9,0,0,1,4731390.53
125,CASH_OUT,222097.11,C1167153094,222097.11,0.0,C744862329,383533.13,605630.23,1,0,1,161436.02000000002
203,PAYMENT,3282.66,C85909084,585567.84,582285.17,M362273695,0.0,0.0,0,1,0,585567.84
251,CASH_IN,426353.1,C1925637479,107.0,426460.1,C1350904200,330108.7,0.0,0,0,0,330001.7
347,CASH_OUT,195165.94,C1964219518,1373.0,0.0,C1469059150,0.0,195165.94,0,0,1,1373.0
17,CASH_OUT,59241.57,C1363322638,5178.83,0.0,C1108587705,991123.88,1050365.45,0,0,1,985945.05
164,CASH_OUT,25953.24,C895783952,0.0,0.0,C240422971,918756.59,944709.83,0,0,1,918756.59
251,CASH_OUT,753193.06,C684495429,158425.0,0.0,C1998332597,0.0,753193.06,0,0,1,158425.0
324,CASH_OUT,43172.31,C980384959,19843.0,0.0,C1104041201,1373108.51,1416280.82,0,0,1,1353265.51
351,CASH_OUT,230612.44,C1877571369,20414.0,0.0,C1746668387,367552.32,598164.76,0,0,1,347138.32
657,TRANSFER,2333929.91,C178173239,2333929.91,0.0,C271271665,0.0,0.0,1,0,1,2333929.91
226,TRANSFER,169473.59,C1095667842,0.0,0.0,C1716074103,563483.68,732957.27,0,0,1,563483.68
227,CASH_OUT,210.92,C332921972,210.92,0.0,C814473635,3437310.4,3437521.31,1,0,1,3437099.48
410,CASH_OUT,2406332.79,C2090299993,2406332.79,0.0,C1327141186,7523033.41,9929366.2,1,0,1,5116700.62
571,CASH_OUT,272637.22,C1856352651,272637.22,0.0,C1424624531,1236830.95,1509468.17,1,0,1,964193.73
349,CASH_OUT,73649.28,C479976001,0.0,0.0,C430400849,296632.82,527035.71,0,0,1,296632.82
43,PAYMENT,5164.95,C29130306,10795.0,5630.05,M1998481819,0.0,0.0,0,1,0,10795.0
705,CASH_OUT,399738.3,C1992146440,15686.0,0.0,C1509858731,208522.19,608260.49,0,0,1,192836.19
299,PAYMENT,76894.32,C421391010,8651.0,0.0,M1023346479,0.0,0.0,0,1,0,8651.0
280,CASH_OUT,194561.33,C28040963,12078.1,0.0,C869067123,494714.64,689275.98,0,0,1,482636.54000000004
307,PAYMENT,10025.13,C1658972971,85656.0,75630.87,M628721029,0.0,0.0,0,1,0,85656.0
13,CASH_IN,151392.6,C218204620,1925344.53,2076737.13,C1491676195,2797594.27,2646201.67,0,0,0,872249.74
55,TRANSFER,760625.76,C1611123412,760625.76,0.0,C1796277088,0.0,0.0,1,0,1,760625.76
46,CASH_OUT,41745.32,C1286421365,0.0,0.0,C1445385477,1334729.94,1376475.25,0,0,1,1334729.94
279,CASH_OUT,345533.89,C370789557,345533.89,0.0,C148096714,501951.83,847485.72,1,0,1,156417.94
299,PAYMENT,1074.98,C613354694,0.0,0.0,M1034102624,0.0,0.0,0,1,0,0.0
228,CASH_IN,215040.48,C742807288,3960892.84,4175933.32,C48799059,1356559.78,1141519.31,0,0,0,2604333.0599999996
281,CASH_IN,35670.28,C1206904883,11060.0,46730.28,C1637002960,2559507.38,2523837.09,0,0,0,2548447.38
334,CASH_IN,116389.9,C1253061955,304.0,116693.9,C170073561,0.0,0.0,0,0,0,304.0
201,CASH_IN,121235.77,C647882962,5465227.29,5586463.06,C435552076,407448.66,286212.89,0,0,0,5057778.63
331,PAYMENT,1468.19,C1110358944,0.0,0.0,M25285770,0.0,0.0,0,1,0,0.0
181,CASH_IN,186118.04,C118611108,1119644.72,1305762.75,C1847273691,2398272.08,2212154.04,0,0,0,1278627.36
157,CASH_IN,256428.21,C149481215,8980083.91,9236512.12,C1630867239,611388.78,354960.58,0,0,0,8368695.13
40,CASH_IN,124897.91,C354527888,1439781.48,1564679.39,C285739175,1686592.96,1561695.06,0,0,0,246811.47999999998
333,CASH_IN,30018.04,C1402298082,196582.12,226600.16,C48457464,3613392.0,3583373.96,0,0,0,3416809.88
724,TRANSFER,89845.29,C795915077,89845.29,0.0,C101606324,0.0,0.0,1,0,1,89845.29
197,TRANSFER,1961426.59,C311903861,1961426.59,0.0,C316708626,0.0,0.0,1,0,1,1961426.59
311,TRANSFER,225301.45,C500485629,225301.45,0.0,C822023370,0.0,0.0,1,0,1,225301.45
177,CASH_OUT,95990.19,C1173321842,109923.28,13933.09,C1163484153,307520.25,403510.44,0,0,1,197596.97
187,PAYMENT,12570.31,C1351548788,92739.83,80169.52,M1860322864,0.0,0.0,0,1,0,92739.83
266,TRANSFER,10000000.0,C2070647495,15494862.93,5494862.93,C1808278362,0.0,0.0,1,0,1,15494862.93
442,TRANSFER,1487505.07,C277096632,1487505.07,0.0,C344711118,0.0,0.0,1,0,1,1487505.07
395,CASH_OUT,50807.76,C1526747791,52253.0,1445.24,C522714579,865457.12,916264.88,0,0,1,813204.12
353,CASH_OUT,106847.85,C1940536443,20375.0,0.0,C195600860,99818.91,206666.76,0,0,1,79443.91
335,CASH_IN,122610.33,C65596772,19186440.56,19309050.89,C1769242917,813316.97,690706.64,0,0,0,18373123.59
677,TRANSFER,1600721.32,C1890383797,1600721.32,0.0,C1224355851,0.0,0.0,1,0,1,1600721.32
327,TRANSFER,415785.89,C990820697,415785.89,0.0,C1804765408,0.0,0.0,1,0,1,415785.89
400,CASH_OUT,65296.29,C2003758459,0.0,0.0,C900814285,1071584.75,1136881.04,0,0,1,1071584.75
235,CASH_OUT,105164.99,C543005122,3078.0,0.0,C746195505,1451600.2,1556765.19,0,0,1,1448522.2
307,TRANSFER,1072345.79,C114044821,1072345.79,0.0,C1178875500,0.0,0.0,1,0,1,1072345.79
207,CASH_IN,52724.07,C480809065,6384.0,59108.07,C1094430107,0.0,0.0,0,0,0,6384.0
213,PAYMENT,10694.1,C1081179255,0.0,0.0,M764989082,0.0,0.0,0,1,0,0.0
664,CASH_OUT,639991.03,C1750763630,639991.03,0.0,C2000520198,0.0,639991.03,1,0,1,639991.03
357,TRANSFER,4177467.46,C1493761372,4177467.46,0.0,C1907708290,0.0,0.0,1,0,1,4177467.46
307,CASH_OUT,94279.91,C1399220125,703819.8,609539.9,C1240911768,310234.83,404514.73,0,0,1,393584.97000000003
300,CASH_IN,182797.14,C1615533072,1347631.03,1530428.17,C1526068784,378945.65,196148.52,0,0,0,968685.38
236,CASH_IN,183616.55,C1264785916,3770960.32,3954576.87,C300314203,1235288.52,1051671.98,0,0,0,2535671.8
425,CASH_OUT,287720.41,C1152041857,287720.41,0.0,C1551847216,174700.67,462421.08,1,0,1,113019.73999999996
189,PAYMENT,5706.19,C1119238879,0.0,0.0,M83016539,0.0,0.0,0,1,0,0.0
40,CASH_OUT,149591.56,C1204289880,0.0,0.0,C1873365591,592810.01,742401.57,0,0,1,592810.01
230,CASH_OUT,313858.99,C7989710,179248.0,0.0,C1246014471,120121.61,433980.6,0,0,1,59126.39
322,CASH_OUT,96396.57,C998541602,0.0,0.0,C1614867191,346875.68,443272.24,0,0,1,346875.68
230,CASH_OUT,327707.07,C437231507,196560.0,0.0,C440048538,518981.85,846688.93,0,0,1,322421.85
567,CASH_IN,74694.61,C1391987553,244970.86,319665.47,C244059867,1772742.52,1698047.91,0,0,0,1527771.6600000001
403,CASH_OUT,2178303.49,C694832431,2178303.49,0.0,C1264552873,0.0,2178303.49,1,0,1,2178303.49
22,CASH_OUT,99437.88,C354332353,0.0,0.0,C1954661751,517059.01,822802.05,0,0,1,517059.01
259,CASH_IN,1489.63,C747370998,275833.85,277323.48,C1525873715,43198.09,41708.46,0,0,0,232635.75999999998
718,TRANSFER,376639.05,C1314499487,376639.05,0.0,C588423293,0.0,0.0,1,0,1,376639.05
21,CASH_IN,18796.79,C2137678320,38039.0,56835.79,C1453626255,350053.02,331256.24,0,0,0,312014.02
201,PAYMENT,6045.73,C2133258474,0.0,0.0,M806830551,0.0,0.0,0,1,0,0.0
581,TRANSFER,801763.51,C1070533651,801763.51,0.0,C1336603610,0.0,0.0,1,0,1,801763.51
209,CASH_OUT,186035.03,C1316861785,19993.93,0.0,C784763189,1203456.99,1389492.02,0,0,1,1183463.06
34,CASH_OUT,332020.17,C260815811,0.0,0.0,C901083483,639933.22,971953.39,0,0,1,639933.22
286,CASH_IN,34830.92,C1213716906,14777295.64,14812126.56,C1148231313,1424609.11,1389778.19,0,0,0,13352686.530000001
140,CASH_OUT,38316.75,C1067456653,178122.0,139805.25,C1439421156,0.0,38316.75,0,0,1,178122.0
237,PAYMENT,14458.49,C1365897933,0.0,0.0,M51192841,0.0,0.0,0,1,0,0.0
394,CASH_IN,133384.97,C1689690571,4190844.61,4324229.57,C1450943424,316069.68,182684.72,0,0,0,3874774.9299999997
140,CASH_IN,137907.05,C2045042905,2484704.7,2622611.75,C519750499,1271253.94,1133346.89,0,0,0,1213450.7600000002
486,TRANSFER,4505012.56,C1899244815,4505012.56,0.0,C1848485369,0.0,0.0,1,0,1,4505012.56
212,TRANSFER,5131896.17,C226207762,5131896.17,0.0,C290920701,0.0,0.0,1,0,1,5131896.17
81,CASH_OUT,2737766.8,C1419156412,2737766.8,0.0,C31490801,0.0,2737766.8,1,0,1,2737766.8
570,TRANSFER,3712.11,C940426725,3712.11,0.0,C2024297782,0.0,0.0,1,0,1,3712.11
242,CASH_OUT,509985.31,C1144385106,509985.31,0.0,C2013070624,0.0,509985.31,1,0,1,509985.31
210,PAYMENT,8591.69,C1333955534,138865.0,130273.31,M1516342107,0.0,0.0,0,1,0,138865.0
404,TRANSFER,40359.75,C364009492,40359.75,0.0,C718391314,0.0,0.0,1,0,1,40359.75
33,CASH_OUT,136965.93,C1314287455,0.0,0.0,C1755130739,2516174.33,2653140.26,0,0,1,2516174.33
212,CASH_OUT,265387.58,C2064904239,533.0,0.0,C1954649468,967247.36,1232634.94,0,0,1,966714.36
234,PAYMENT,8851.34,C572872280,127884.64,119033.3,M218943220,0.0,0.0,0,1,0,127884.64
211,CASH_IN,188803.65,C1025478218,3593248.26,3782051.9,C2138377733,592079.24,403275.59,0,0,0,3001169.0199999996
335,PAYMENT,206.69,C1577894888,130371.0,130164.31,M429362734,0.0,0.0,0,1,0,130371.0
21,CASH_OUT,106044.06,C1540622438,0.0,0.0,C1202769194,1645548.08,1751592.15,0,0,1,1645548.08
374,PAYMENT,13412.94,C713704678,105056.0,91643.06,M114661225,0.0,0.0,0,1,0,105056.0
202,CASH_OUT,16446.82,C487958614,3958.0,0.0,C807118736,188618.68,205065.5,0,0,1,184660.68
33,PAYMENT,13955.32,C1069330845,52193.0,38237.68,M2139044069,0.0,0.0,0,1,0,52193.0
477,TRANSFER,9639524.7,C1490771263,9639524.7,0.0,C486822956,0.0,0.0,1,0,1,9639524.7
255,TRANSFER,667257.72,C275419621,667257.72,0.0,C771768546,0.0,0.0,1,0,1,667257.72
333,CASH_OUT,1861928.35,C386318315,1861928.35,0.0,C800378513,554516.48,2416444.82,1,0,1,1307411.87
162,CASH_OUT,110201.23,C1730530194,0.0,0.0,C986100398,508211.52,618412.75,0,0,1,508211.52
155,CASH_IN,116236.25,C1416833373,28577.11,144813.36,C281580558,327636.21,211399.95,0,0,0,299059.10000000003
331,CASH_OUT,374834.99,C790997825,0.0,0.0,C1403880745,2027848.83,2402683.82,0,0,1,2027848.83
205,TRANSFER,188473.09,C1887373253,188473.09,0.0,C1609905558,0.0,0.0,1,0,1,188473.09
252,PAYMENT,16458.5,C1157526982,339.0,0.0,M1811379052,0.0,0.0,0,1,0,339.0
689,CASH_OUT,276253.24,C921347828,276253.24,0.0,C291010044,247810.47,524063.71,1,0,1,28442.76999999999
403,CASH_OUT,98117.5,C1277153459,224.05,0.0,C1061774103,310866.24,408983.73,0,0,1,310642.19
231,CASH_OUT,209223.0,C30463411,21088.0,0.0,C355755245,0.0,209223.0,0,0,1,21088.0
492,CASH_IN,128647.18,C1068873925,9899972.38,10028619.55,C1226907316,147908.47,19261.3,0,0,0,9752063.91
188,CASH_OUT,162373.41,C2098842522,101243.0,0.0,C287933084,1487342.16,1649715.57,0,0,1,1386099.16
362,TRANSFER,60314.32,C1597827743,60314.32,0.0,C1103826731,0.0,0.0,1,0,1,60314.32
351,CASH_OUT,141286.07,C2022140380,0.0,0.0,C442964028,415023.05,556309.12,0,0,1,415023.05
402,TRANSFER,143592.89,C283218785,143592.89,0.0,C1008131550,0.0,0.0,1,0,1,143592.89
308,CASH_OUT,142646.04,C297056722,528.0,0.0,C944678070,0.0,142646.04,0,0,1,528.0
217,TRANSFER,108783.2,C829027470,108783.2,0.0,C1294736725,0.0,0.0,1,0,1,108783.2
671,CASH_OUT,36956.27,C1768139815,36956.27,0.0,C1475840276,116628.89,153585.15,1,0,1,79672.62
459,CASH_OUT,277611.08,C2028451849,277611.08,0.0,C677754789,1588077.25,1865688.33,1,0,1,1310466.17
378,PAYMENT,6126.38,C661164654,197840.0,191713.62,M187954306,0.0,0.0,0,1,0,197840.0
471,CASH_OUT,150344.4,C274200649,1148.0,0.0,C996710314,0.0,150344.4,0,0,1,1148.0
239,CASH_OUT,63944.13,C963749685,63944.13,0.0,C816242963,3034987.39,3098931.52,1,0,1,2971043.2600000002
282,CASH_OUT,118528.45,C1233193743,0.0,0.0,C1809307137,2012888.91,2131417.36,0,0,1,2012888.91
206,CASH_OUT,236797.48,C382965740,0.0,0.0,C479882778,1179860.31,1416657.79,0,0,1,1179860.31
173,CASH_OUT,2177218.43,C450561445,2177218.43,0.0,C1075348177,0.0,2177218.43,1,0,1,2177218.43
493,CASH_OUT,176477.5,C924684162,0.0,0.0,C1818829590,772239.37,948716.88,0,0,1,772239.37
212,CASH_OUT,3640983.71,C1978111036,3640983.71,0.0,C105806122,409527.87,4050511.58,1,0,1,3231455.84
468,CASH_OUT,155926.42,C19001916,155926.42,0.0,C654239643,369481.23,525407.65,1,0,1,213554.80999999997
303,CASH_OUT,251105.61,C1413795778,3559.0,0.0,C1640338489,0.0,251105.61,0,0,1,3559.0
58,CASH_OUT,6501303.14,C1033290326,6501303.14,0.0,C1721246847,4439499.5,10940802.64,1,0,1,2061803.6399999997
7,CASH_OUT,371574.2,C698325633,0.0,0.0,C801142660,2193547.2,3504660.25,0,0,1,2193547.2
319,CASH_OUT,4895343.33,C2003694835,4895343.33,0.0,C1708120011,286035.4,5181378.73,1,0,1,4609307.93
281,PAYMENT,4785.42,C1527546461,209.0,0.0,M1791354461,0.0,0.0,0,1,0,209.0
381,PAYMENT,942.51,C369047544,0.0,0.0,M1907202267,0.0,0.0,0,1,0,0.0
235,CASH_OUT,19688.39,C732713171,136.0,0.0,C1211791714,0.0,19688.39,0,0,1,136.0
141,PAYMENT,2775.49,C1886225157,105427.86,102652.38,M847518723,0.0,0.0,0,1,0,105427.86
9,CASH_OUT,224952.6,C1015755917,0.0,0.0,C362585233,3022788.23,4880735.77,0,0,1,3022788.23
301,CASH_IN,347823.01,C2107972962,14184700.08,14532523.08,C60240850,7502204.79,7154381.78,0,0,0,6682495.29
254,CASH_OUT,184097.73,C2024521592,46501.0,0.0,C1896332934,0.0,184097.73,0,0,1,46501.0
307,CASH_IN,122302.65,C1132989859,3689540.43,3811843.08,C1568951501,549101.38,426798.73,0,0,0,3140439.0500000003
331,PAYMENT,8900.71,C1720489452,55056.0,46155.29,M86797786,0.0,0.0,0,1,0,55056.0
96,CASH_IN,12661.73,C271305799,11092.0,23753.73,C903810142,2092519.53,2079857.8,0,0,0,2081427.53
204,CASH_IN,247156.98,C2138745522,50268.0,297424.98,C531181035,291431.65,44274.67,0,0,0,241163.65000000002
353,CASH_OUT,38472.97,C2078112278,20536.0,0.0,C55343028,0.0,38472.97,0,0,1,20536.0
218,TRANSFER,957432.32,C1415925120,957432.32,0.0,C1578069849,0.0,0.0,1,0,1,957432.32
489,CASH_OUT,177925.98,C1173355296,177925.98,0.0,C265276524,70857.67,248783.65,1,0,1,107068.31000000001
299,CASH_OUT,13811.09,C1676587326,0.0,0.0,C450479984,187087.5,200898.59,0,0,1,187087.5
497,CASH_OUT,918087.96,C1842546630,918087.96,0.0,C1559008731,322224.88,1240312.84,1,0,1,595863.08
188,CASH_OUT,276592.21,C293124944,0.0,0.0,C1264418498,2828509.61,3105101.82,0,0,1,2828509.61
163,CASH_OUT,238309.35,C258971556,0.0,0.0,C1923549857,1153685.57,1391994.91,0,0,1,1153685.57
10,CASH_OUT,331879.03,C1378164716,391501.58,59622.55,C929266212,1855093.98,2186973.01,0,0,1,1463592.4
298,CASH_IN,116331.26,C578503183,200827.0,317158.26,C38808790,0.0,0.0,0,0,0,200827.0
347,TRANSFER,749209.17,C546074573,300330.0,0.0,C413131872,0.0,749209.17,0,0,1,300330.0
144,CASH_IN,436226.53,C1900092698,338301.71,774528.24,C1030079507,2724676.69,2288450.16,0,0,0,2386374.98
691,CASH_IN,140323.15,C1694237368,1343466.01,1483789.16,C710615083,825823.92,685500.77,0,0,0,517642.08999999997
316,TRANSFER,158279.4,C2088071095,158279.4,0.0,C2038364008,0.0,0.0,1,0,1,158279.4
202,PAYMENT,3785.85,C1993784517,121818.25,118032.4,M280746661,0.0,0.0,0,1,0,121818.25
405,TRANSFER,35800.87,C415921731,75406.0,39605.13,C1060448564,854914.52,890715.39,0,0,1,779508.52
608,CASH_OUT,27985.73,C2032783178,27985.73,0.0,C385133759,5079508.41,5107494.15,1,0,1,5051522.68
142,TRANSFER,551301.51,C120111233,0.0,0.0,C1139985532,2279878.65,2831180.16,0,0,1,2279878.65
257,PAYMENT,21214.51,C854472994,318984.0,297769.49,M477029018,0.0,0.0,0,1,0,318984.0
404,CASH_IN,103348.01,C1223599839,8337177.79,8440525.8,C143383320,375845.42,272497.41,0,0,0,7961332.37
322,TRANSFER,108213.6,C586432166,108213.6,0.0,C810627720,0.0,0.0,1,0,1,108213.6
735,CASH_OUT,256417.06,C1441986673,256417.06,0.0,C1500556384,811137.89,1067554.95,1,0,1,554720.8300000001
156,CASH_OUT,289780.68,C808943790,0.0,0.0,C1640508858,1642680.54,1932461.22,0,0,1,1642680.54
307,TRANSFER,441423.44,C1716496327,441423.44,0.0,C200111106,0.0,0.0,1,0,1,441423.44
348,CASH_OUT,323963.14,C1496665994,223442.0,0.0,C348494722,462323.57,786286.71,0,0,1,238881.57
359,PAYMENT,7092.02,C348562477,6258.0,0.0,M843243231,0.0,0.0,0,1,0,6258.0
400,PAYMENT,18540.08,C912798479,0.0,0.0,M644540051,0.0,0.0,0,1,0,0.0
237,CASH_OUT,120291.16,C990576463,0.0,0.0,C785886818,490510.49,610801.65,0,0,1,490510.49
209,PAYMENT,6317.59,C1125497040,182.0,0.0,M1385117070,0.0,0.0,0,1,0,182.0
308,TRANSFER,74935.33,C1503559236,55904.14,0.0,C1244142424,11619539.66,11694474.98,0,0,1,11563635.52
548,CASH_OUT,40309.11,C1932940322,30881.0,0.0,C830867656,1750033.39,1790342.49,0,0,1,1719152.39
180,PAYMENT,6315.56,C79505127,16348.0,10032.44,M1768339361,0.0,0.0,0,1,0,16348.0
336,CASH_OUT,205129.12,C758551247,205129.12,0.0,C635085468,480559.02,685688.15,1,0,1,275429.9
190,CASH_OUT,412622.41,C1801500248,0.0,0.0,C440746955,7665553.5,8351122.08,0,0,1,7665553.5
43,CASH_OUT,21987.0,C983847519,21987.0,0.0,C868283274,123690.93,145677.94,1,0,1,101703.93
382,PAYMENT,41857.35,C1381943355,0.0,0.0,M1646874856,0.0,0.0,0,1,0,0.0
229,CASH_OUT,247706.71,C516122721,0.0,0.0,C1914141385,572825.94,820532.65,0,0,1,572825.94
275,CASH_IN,143153.91,C39151935,20022.0,163175.91,C2045460784,907289.3,764135.39,0,0,0,887267.3
326,PAYMENT,992.86,C39500431,0.0,0.0,M914617102,0.0,0.0,0,1,0,0.0
105,TRANSFER,40413.81,C906016775,40413.81,0.0,C2138340769,0.0,0.0,1,0,1,40413.81
188,CASH_OUT,144525.68,C24052970,18485.75,0.0,C1697825507,293192.83,437718.5,0,0,1,274707.08
402,CASH_OUT,37973.1,C1210598173,0.0,0.0,C1847914174,3365328.88,3403301.98,0,0,1,3365328.88
646,TRANSFER,10000000.0,C590657619,50399045.08,40399045.08,C1971187430,0.0,0.0,1,0,1,50399045.08
155,CASH_OUT,101974.39,C1058755030,0.0,0.0,C1725226256,217737.46,319711.85,0,0,1,217737.46
164,CASH_IN,246416.25,C2008208993,4467885.91,4714302.16,C81366651,782148.86,535732.61,0,0,0,3685737.0500000003
10,CASH_OUT,198520.0,C1291225183,18.0,0.0,C547644464,3169089.69,4116736.92,0,0,1,3169071.69
17,CASH_OUT,332411.91,C727290840,92135.0,0.0,C1974126630,0.0,332411.91,0,0,1,92135.0
347,CASH_IN,237436.46,C2051740759,107265.0,344701.46,C108656129,1815092.92,1577656.45,0,0,0,1707827.92
308,PAYMENT,9363.59,C1441135897,68548.0,59184.41,M674116595,0.0,0.0,0,1,0,68548.0
228,CASH_OUT,111397.18,C1976852958,0.0,0.0,C1320394517,1623505.6,1734902.77,0,0,1,1623505.6
162,CASH_IN,40816.97,C1200749022,8054630.43,8095447.4,C1626422253,189979.07,149162.1,0,0,0,7864651.359999999
58,CASH_OUT,3156421.43,C597790533,3156421.43,0.0,C1365109989,181440.45,3337861.88,1,0,1,2974980.98
376,CASH_IN,115628.18,C1672445736,11223371.83,11339000.01,C427931869,2813748.72,2698120.54,0,0,0,8409623.11
257,CASH_OUT,55903.28,C1912566634,0.0,0.0,C239731893,2214396.63,2270299.9,0,0,1,2214396.63
40,CASH_IN,137630.69,C539231400,1228168.71,1365799.4,C1906677016,323570.25,185939.56,0,0,0,904598.46
402,CASH_OUT,102197.94,C308790077,40815.0,0.0,C1369095486,0.0,102197.94,0,0,1,40815.0
348,PAYMENT,30225.44,C1166318317,10051.0,0.0,M1764683243,0.0,0.0,0,1,0,10051.0
162,CASH_OUT,64865.86,C1715533471,766672.0,701806.14,C61462541,3446372.36,3511238.22,0,0,1,2679700.36
187,CASH_IN,310355.31,C854619244,10723.0,321078.31,C40481485,1596.78,0.0,0,0,0,9126.22
160,CASH_OUT,251748.53,C1393976491,20190.0,0.0,C965633676,297977.33,549725.86,0,0,1,277787.33
15,CASH_OUT,186082.12,C1139493181,0.0,0.0,C1810510489,4461287.94,4647370.06,0,0,1,4461287.94
207,CASH_IN,128070.95,C1676670417,7324806.63,7452877.58,C758627209,195118.35,67047.4,0,0,0,7129688.28
8,TRANSFER,43092.0,C1683174795,43092.0,0.0,C427998326,0.0,0.0,1,0,1,43092.0
391,TRANSFER,4559921.56,C785953522,4559921.56,0.0,C1331350711,0.0,0.0,1,0,1,4559921.56
511,TRANSFER,150929.12,C421782533,150929.12,0.0,C2098308110,0.0,0.0,1,0,1,150929.12
205,CASH_OUT,112472.03,C957485286,23786.0,0.0,C1349130090,1063691.34,1176163.37,0,0,1,1039905.3400000001
399,TRANSFER,277518.19,C2001949069,0.0,0.0,C974236077,1215759.98,1493278.17,0,0,1,1215759.98
187,CASH_IN,130420.17,C1420963767,6727217.25,6857637.42,C1972190120,3754934.42,3624514.25,0,0,0,2972282.83
201,PAYMENT,6431.12,C2059375820,0.0,0.0,M55426021,0.0,0.0,0,1,0,0.0
41,PAYMENT,7317.67,C340761121,0.0,0.0,M754114444,0.0,0.0,0,1,0,0.0
129,TRANSFER,33582.39,C205642156,0.0,0.0,C2044749637,102634.4,136216.79,0,0,1,102634.4
156,PAYMENT,2348.03,C592549735,0.0,0.0,M663271072,0.0,0.0,0,1,0,0.0
367,TRANSFER,520500.14,C75004200,520500.14,0.0,C687978944,0.0,0.0,1,0,1,520500.14
347,CASH_IN,203792.43,C606844490,74912.0,278704.43,C1142247227,0.0,0.0,0,0,0,74912.0
274,CASH_IN,35637.89,C1675904487,889063.06,924700.95,C1490224890,385009.33,349371.44,0,0,0,504053.73000000004
43,CASH_IN,119469.88,C1135450892,1178727.6,1298197.49,C1908869642,325749.27,206279.39,0,0,0,852978.3300000001
210,PAYMENT,2369.01,C754890880,0.0,0.0,M361928228,0.0,0.0,0,1,0,0.0
629,TRANSFER,547672.2,C1661851556,547672.2,0.0,C1014616442,0.0,0.0,1,0,1,547672.2
42,PAYMENT,2407.88,C335129382,0.0,0.0,M311638747,0.0,0.0,0,1,0,0.0
378,PAYMENT,4982.19,C1122160796,94793.0,89810.81,M41237620,0.0,0.0,0,1,0,94793.0
256,CASH_OUT,56638.75,C1373999647,98937.0,42298.25,C1430574684,0.0,56638.75,0,0,1,98937.0
691,CASH_OUT,32935.25,C2017409191,32935.25,0.0,C1772041191,0.0,32935.25,1,0,1,32935.25
207,CASH_OUT,400356.88,C139167305,43012.0,0.0,C901221475,0.0,400356.88,0,0,1,43012.0
33,PAYMENT,27644.56,C2112884222,20416.0,0.0,M1105781181,0.0,0.0,0,1,0,20416.0
179,CASH_OUT,333525.49,C587545662,13423.0,0.0,C1594419396,10666.13,344191.62,0,0,1,2756.870000000001
542,CASH_OUT,9494.15,C1066036919,29848.0,20353.85,C423733860,1497283.18,1506777.33,0,0,1,1467435.18
599,CASH_OUT,90379.49,C824881081,12992.96,0.0,C1846613186,4936890.36,5027269.85,0,0,1,4923897.4
326,CASH_OUT,159119.05,C814668440,0.0,0.0,C839431155,372902.72,532021.77,0,0,1,372902.72
305,CASH_OUT,259665.09,C205038451,51828.0,0.0,C1334013457,2904019.73,3163684.83,0,0,1,2852191.73
304,PAYMENT,38274.65,C1312328366,0.0,0.0,M1834984842,0.0,0.0,0,1,0,0.0
372,CASH_OUT,144485.85,C1335513544,81715.0,0.0,C1338903268,15950.17,160436.02,0,0,1,65764.83
228,CASH_IN,56024.85,C1155655828,1579616.69,1635641.54,C224149370,5292171.64,5236146.79,0,0,0,3712554.9499999997
570,PAYMENT,930.04,C1756943465,0.0,0.0,M1048703550,0.0,0.0,0,1,0,0.0
325,TRANSFER,30846.84,C913635242,30846.84,0.0,C282425253,0.0,0.0,1,0,1,30846.84
598,TRANSFER,5566368.02,C94269091,5566368.02,0.0,C2096924215,0.0,0.0,1,0,1,5566368.02
329,PAYMENT,35304.4,C1635405122,91639.0,56334.6,M1199625738,0.0,0.0,0,1,0,91639.0
164,PAYMENT,10362.27,C560384998,142560.99,132198.72,M1018343005,0.0,0.0,0,1,0,142560.99
573,CASH_OUT,71591.12,C937231676,22305.0,0.0,C1532926104,225784.53,297375.65,0,0,1,203479.53
358,CASH_OUT,226201.25,C500072442,0.0,0.0,C2013628175,369501.11,595702.37,0,0,1,369501.11
62,TRANSFER,407833.62,C1585122257,407833.62,0.0,C645113065,0.0,0.0,1,0,1,407833.62
19,CASH_OUT,134950.64,C1144781389,20105.0,0.0,C1332787120,656369.81,791320.45,0,0,1,636264.81
255,PAYMENT,9000.42,C1183419479,0.0,0.0,M164931588,0.0,0.0,0,1,0,0.0
230,CASH_OUT,263121.93,C313586729,0.0,0.0,C1011109339,544315.05,807436.98,0,0,1,544315.05
373,CASH_IN,422558.65,C1398244976,2108099.35,2530657.99,C595011530,615282.26,192723.61,0,0,0,1492817.09
140,TRANSFER,6783.47,C2103265286,6783.47,0.0,C1983881188,0.0,0.0,1,0,1,6783.47
305,TRANSFER,1754597.44,C276718485,1754597.44,0.0,C1947776397,0.0,0.0,1,0,1,1754597.44
16,PAYMENT,3496.05,C916258739,8173.46,4677.4,M1492926859,0.0,0.0,0,1,0,8173.46
347,CASH_OUT,65920.55,C1332385108,11091.0,0.0,C1232987679,17432.31,83352.86,0,0,1,6341.310000000001
282,TRANSFER,1142860.01,C1236247325,0.0,0.0,C936796036,1216992.66,2359852.67,0,0,1,1216992.66
160,TRANSFER,183445.38,C1742291180,0.0,0.0,C1660507242,6366393.51,6549838.89,0,0,1,6366393.51
301,CASH_OUT,229100.69,C620707220,20703.0,0.0,C1810413239,354635.17,583735.87,0,0,1,333932.17
395,CASH_OUT,104470.34,C660783143,16915.0,0.0,C1893975441,224853.53,329323.87,0,0,1,207938.53
290,CASH_IN,105877.79,C1331652785,2774146.98,2880024.77,C169714695,446137.78,340259.99,0,0,0,2328009.2
403,TRANSFER,206759.95,C922133038,9091.0,0.0,C2025236630,172630.33,379390.28,0,0,1,163539.33
137,PAYMENT,8632.52,C743124115,0.0,0.0,M690287945,0.0,0.0,0,1,0,0.0
282,CASH_IN,113898.84,C1761850367,10247266.68,10361165.53,C1310181252,265294.63,151395.79,0,0,0,9981972.049999999
11,PAYMENT,20139.86,C901012219,0.0,0.0,M1603075040,0.0,0.0,0,1,0,0.0
45,CASH_OUT,143123.22,C1144757939,302318.0,159194.78,C1903423539,568567.1,711690.31,0,0,1,266249.1
138,CASH_OUT,68958.51,C693188414,0.0,0.0,C1305206206,145298.88,214257.4,0,0,1,145298.88
158,CASH_OUT,358229.38,C595279645,21127.0,0.0,C834047596,0.0,358229.38,0,0,1,21127.0
274,TRANSFER,982414.06,C837087174,982414.06,0.0,C2003416160,0.0,0.0,1,0,1,982414.06
350,DEBIT,3281.5,C1887878016,28439.0,25157.5,C808924837,155773.91,159055.42,0,1,0,127334.91
378,PAYMENT,36950.76,C242560129,0.0,0.0,M2132887754,0.0,0.0,0,1,0,0.0
43,CASH_IN,197123.11,C1370660036,0.0,197123.11,C2026315441,12884118.49,12686995.38,0,0,0,12884118.49
235,TRANSFER,1369544.19,C1336273672,1369544.19,0.0,C1534512884,0.0,0.0,1,0,1,1369544.19
2,CASH_OUT,1096187.24,C77163673,1096187.24,0.0,C644345897,0.0,1096187.24,1,0,1,1096187.24
346,CASH_OUT,221321.87,C1410223005,25206.0,0.0,C1998690667,1778061.25,1999383.13,0,0,1,1752855.25
131,CASH_OUT,330944.22,C1228974915,0.0,0.0,C1485034389,970342.57,1301286.79,0,0,1,970342.57
273,CASH_IN,47889.15,C1958898955,5424481.7,5472370.85,C1235336315,284413.64,236524.49,0,0,0,5140068.0600000005
406,TRANSFER,2426076.89,C64180102,2426076.89,0.0,C902434449,0.0,0.0,1,0,1,2426076.89
309,PAYMENT,12343.96,C1736533942,0.0,0.0,M49552858,0.0,0.0,0,1,0,0.0
518,CASH_OUT,167294.58,C1995904427,41270.0,0.0,C793377256,1169489.44,1336784.02,0,0,1,1128219.44
352,CASH_IN,159798.93,C1260598470,5336477.22,5496276.15,C1339235554,479033.39,319234.46,0,0,0,4857443.83
181,PAYMENT,3325.36,C1054374370,0.0,0.0,M411510279,0.0,0.0,0,1,0,0.0
330,PAYMENT,1961.86,C1502345731,0.0,0.0,M198076240,0.0,0.0,0,1,0,0.0
330,PAYMENT,23768.57,C341896442,705.0,0.0,M190065520,0.0,0.0,0,1,0,705.0
211,CASH_OUT,58528.62,C411043016,2044.0,0.0,C1832936189,5770348.15,5828876.78,0,0,1,5768304.15
156,CASH_OUT,773696.12,C1433143249,773696.12,0.0,C2122364089,0.0,773696.12,1,0,1,773696.12
185,CASH_OUT,19404.45,C1640732829,167248.55,147844.1,C455560652,1496064.89,1515469.34,0,0,1,1328816.3399999999
449,TRANSFER,166880.54,C692202599,166880.54,0.0,C1404927892,0.0,0.0,1,0,1,166880.54
189,TRANSFER,32676.96,C1954412573,0.0,0.0,C643581004,1339776.79,1372453.75,0,0,1,1339776.79
393,PAYMENT,11442.15,C2137640583,44336.0,32893.85,M848034827,0.0,0.0,0,1,0,44336.0
177,PAYMENT,281.99,C1303448505,0.0,0.0,M1403330146,0.0,0.0,0,1,0,0.0
160,CASH_OUT,10000000.0,C525906402,10000000.0,0.0,C43869769,2145275.47,12145275.47,1,0,1,7854724.529999999
227,PAYMENT,40886.72,C1939144644,0.0,0.0,M457800578,0.0,0.0,0,1,0,0.0
159,PAYMENT,29768.52,C1158998124,1581.0,0.0,M2120497911,0.0,0.0,0,1,0,1581.0
307,PAYMENT,25030.03,C1070032929,0.0,0.0,M1577764991,0.0,0.0,0,1,0,0.0
379,CASH_OUT,29631.42,C1598666339,0.0,0.0,C836309524,2113837.72,2143469.14,0,0,1,2113837.72
20,CASH_OUT,5457.7,C592718298,9351.0,3893.3,C1519510551,624220.12,629677.81,0,0,1,614869.12
135,CASH_OUT,255101.02,C1338373565,0.0,0.0,C1052798010,2076851.34,2331952.36,0,0,1,2076851.34
380,TRANSFER,49076.27,C955833247,49076.27,0.0,C517854187,0.0,0.0,1,0,1,49076.27
259,CASH_IN,87882.08,C400430851,14637.0,102519.08,C1450816631,412811.5,324929.42,0,0,0,398174.5
139,PAYMENT,261.04,C2009538366,55348.29,55087.26,M1741307387,0.0,0.0,0,1,0,55348.29
436,CASH_OUT,1532229.72,C685396140,1532229.72,0.0,C961098321,89278.84,1621508.56,1,0,1,1442950.88
385,CASH_OUT,627088.33,C1637164849,627088.33,0.0,C1984867155,594476.39,1221564.72,1,0,1,32611.939999999944
44,PAYMENT,10514.34,C352039410,0.0,0.0,M1600783164,0.0,0.0,0,1,0,0.0
162,PAYMENT,8081.74,C385083851,52754.0,44672.26,M596899574,0.0,0.0,0,1,0,52754.0
352,CASH_OUT,2111475.81,C433434027,2111475.81,0.0,C916183053,0.0,2111475.81,1,0,1,2111475.81
131,CASH_IN,285763.95,C846358108,1163.0,286926.95,C840839680,20919.8,0.0,0,0,0,19756.8
307,CASH_IN,260440.52,C642498055,2321648.78,2582089.3,C1485007184,350196.19,89755.67,0,0,0,1971452.5899999999
304,PAYMENT,53520.09,C984349286,0.0,0.0,M560975552,0.0,0.0,0,1,0,0.0
94,CASH_OUT,200926.6,C2023695724,0.0,0.0,C1252380651,1328470.8,1529397.4,0,0,1,1328470.8
9,CASH_IN,395598.15,C487327867,0.0,395598.15,C1308739269,1728504.69,1357207.06,0,0,0,1728504.69
209,TRANSFER,7044227.89,C16402858,7044227.89,0.0,C2025262313,0.0,0.0,1,0,1,7044227.89
589,CASH_IN,16916.81,C965379058,370.0,17286.81,C1957879079,0.0,0.0,0,0,0,370.0
266,TRANSFER,10000000.0,C1749184895,25494862.93,15494862.93,C1827220106,0.0,0.0,1,0,1,25494862.93
330,CASH_IN,8783.51,C1924760557,207757.28,216540.79,C244416774,30856511.91,30847728.4,0,0,0,30648754.63
7,PAYMENT,3039.49,C1976486583,20040.0,17000.51,M2126255629,0.0,0.0,0,1,0,20040.0
368,TRANSFER,200419.12,C197020106,200419.12,0.0,C1227889272,0.0,0.0,1,0,1,200419.12
191,PAYMENT,1527.22,C1200975963,20201.0,18673.78,M1027457394,0.0,0.0,0,1,0,20201.0
297,CASH_OUT,77206.77,C730211394,0.0,0.0,C1254526270,8335144.35,7969041.33,0,0,1,8335144.35
557,CASH_OUT,3571807.73,C458467003,3571807.73,0.0,C837210602,527694.86,4099502.59,1,0,1,3044112.87
226,TRANSFER,9960382.4,C427148786,9960382.4,0.0,C1532977706,0.0,0.0,1,0,1,9960382.4
155,CASH_IN,112505.39,C289278485,12589243.18,12701748.57,C555299004,880214.87,767709.48,0,0,0,11709028.31
286,PAYMENT,2428.45,C1126553409,45608.6,43180.15,M873351712,0.0,0.0,0,1,0,45608.6
327,CASH_IN,411602.08,C514041021,175078.0,586680.08,C1385717531,140668.16,0.0,0,0,0,34409.84
501,CASH_OUT,185391.82,C414975710,185391.82,0.0,C1058395716,0.0,185391.82,1,0,1,185391.82
235,CASH_IN,280368.55,C1185812139,1927.0,282295.55,C1791696963,139399.17,0.0,0,0,0,137472.17
298,PAYMENT,43314.59,C473628539,0.0,0.0,M1728650289,0.0,0.0,0,1,0,0.0
181,CASH_OUT,252189.32,C1835922143,252189.32,0.0,C705527703,310145.69,562335.01,1,0,1,57956.369999999995
380,CASH_OUT,178732.11,C1619791789,0.0,0.0,C1484251769,1075359.26,1254091.37,0,0,1,1075359.26
205,TRANSFER,1639441.67,C1230610143,0.0,0.0,C803933143,4256586.11,5896027.79,0,0,1,4256586.11
74,CASH_OUT,2451423.58,C1267904754,2451423.58,0.0,C858620596,4870.65,2456294.22,1,0,1,2446552.93
37,TRANSFER,444210.02,C1278899464,0.0,0.0,C173674973,564554.14,1008764.16,0,0,1,564554.14
395,CASH_IN,104449.15,C125121397,8698.0,113147.15,C1682103841,8613828.6,8509379.45,0,0,0,8605130.6
615,TRANSFER,8931550.69,C1634206825,8931550.69,0.0,C977366743,0.0,0.0,1,0,1,8931550.69
104,TRANSFER,306833.41,C1531491177,306833.41,0.0,C495237092,0.0,0.0,1,0,1,306833.41
180,CASH_OUT,43182.93,C99301062,52603.0,9420.07,C1551989694,0.0,43182.93,0,0,1,52603.0
278,PAYMENT,8806.57,C1479362726,4449.0,0.0,M1774561338,0.0,0.0,0,1,0,4449.0
301,CASH_IN,43565.91,C1082735089,15602.0,59167.91,C77506175,0.0,0.0,0,0,0,15602.0
262,PAYMENT,4708.94,C293160622,0.0,0.0,M1027136025,0.0,0.0,0,1,0,0.0
536,TRANSFER,624686.04,C1401632766,624686.04,0.0,C1786081115,0.0,0.0,1,0,1,624686.04
363,CASH_OUT,2115503.99,C429080055,2115503.99,0.0,C1734499928,0.0,2115503.99,1,0,1,2115503.99
306,CASH_OUT,55119.09,C545703042,103774.0,48654.91,C128031823,0.0,55119.09,0,0,1,103774.0
159,PAYMENT,7169.65,C976413639,610962.0,603792.35,M238555612,0.0,0.0,0,1,0,610962.0
275,PAYMENT,8408.98,C1856487932,30142.0,21733.02,M1642080239,0.0,0.0,0,1,0,30142.0
129,TRANSFER,89737.77,C1422974406,0.0,0.0,C1199456928,290292.63,449606.13,0,0,1,290292.63
300,TRANSFER,1236264.45,C2125927202,102473.0,0.0,C798174070,5731930.79,6968195.24,0,0,1,5629457.79
376,CASH_OUT,69442.84,C1542869375,11892.0,0.0,C1350373350,0.0,69442.84,0,0,1,11892.0
41,CASH_OUT,181284.31,C1126470622,30817.0,0.0,C596251461,86202.58,267486.9,0,0,1,55385.58
17,PAYMENT,10491.16,C110532507,0.0,0.0,M1865751965,0.0,0.0,0,1,0,0.0
361,CASH_IN,240617.57,C772955529,6118437.38,6359054.95,C1975029780,490414.78,249797.21,0,0,0,5628022.6
19,PAYMENT,7208.64,C1554329206,0.0,0.0,M1674791440,0.0,0.0,0,1,0,0.0
164,CASH_OUT,47569.98,C428162838,31642.0,0.0,C589210374,0.0,47569.98,0,0,1,31642.0
563,TRANSFER,1565621.39,C1835277194,1565621.39,0.0,C372825955,0.0,0.0,1,0,1,1565621.39
413,TRANSFER,115085.31,C2039186549,115085.31,0.0,C544794295,0.0,0.0,1,0,1,115085.31
182,PAYMENT,15315.59,C1503358453,10252.0,0.0,M972474810,0.0,0.0,0,1,0,10252.0
238,CASH_IN,78446.71,C583139350,7078.0,85524.71,C781608644,78356.21,0.0,0,0,0,71278.21
165,CASH_OUT,110911.87,C172684477,754907.0,643995.13,C549416182,0.0,110911.87,0,0,1,754907.0
213,PAYMENT,1351.2,C1855976502,163032.68,161681.48,M1553399331,0.0,0.0,0,1,0,163032.68
395,PAYMENT,2272.61,C1265813731,1249.0,0.0,M391232929,0.0,0.0,0,1,0,1249.0
354,PAYMENT,2435.44,C1521727067,10737.0,8301.56,M2044029740,0.0,0.0,0,1,0,10737.0
333,TRANSFER,1861928.35,C1160054760,1861928.35,0.0,C223760078,0.0,0.0,1,0,1,1861928.35
379,CASH_OUT,15555.93,C2127210425,3117.0,0.0,C934567448,61118.71,76674.64,0,0,1,58001.71
707,TRANSFER,226402.77,C1176671535,226402.77,0.0,C385619809,0.0,0.0,1,0,1,226402.77
304,CASH_IN,300242.37,C1191883746,4838657.01,5138899.38,C624518076,10329477.29,10029234.92,0,0,0,5490820.279999999
401,PAYMENT,10725.38,C1051683815,11845.43,1120.05,M1288214242,0.0,0.0,0,1,0,11845.43
158,CASH_IN,60219.31,C1423259616,10631679.33,10691898.65,C146305349,14165848.18,14105628.87,0,0,0,3534168.8499999996
384,TRANSFER,2374412.42,C958603903,2374412.42,0.0,C68780715,0.0,0.0,1,0,1,2374412.42
187,TRANSFER,1131511.03,C1500897857,0.0,0.0,C1327353236,2104911.27,3236422.31,0,0,1,2104911.27
260,TRANSFER,29012.84,C1322437027,0.0,0.0,C2084271535,2601312.77,2630325.61,0,0,1,2601312.77
249,TRANSFER,86272.83,C387481186,0.0,0.0,C287401253,865817.86,952090.69,0,0,1,865817.86
235,PAYMENT,8592.71,C171050246,0.0,0.0,M1774880170,0.0,0.0,0,1,0,0.0
156,CASH_IN,469509.8,C198997713,7378523.67,7848033.47,C1988221696,3478087.76,3008577.96,0,0,0,3900435.91
393,PAYMENT,35243.85,C547531872,0.0,0.0,M2070088360,0.0,0.0,0,1,0,0.0
658,TRANSFER,24522.52,C465687817,24522.52,0.0,C765570809,0.0,0.0,1,0,1,24522.52
349,CASH_OUT,3309631.1,C294569503,3309631.1,0.0,C229133194,0.0,3309631.1,1,0,1,3309631.1
234,CASH_OUT,193374.5,C1992820627,0.0,0.0,C1577787540,823133.38,1016507.89,0,0,1,823133.38
130,PAYMENT,4533.46,C763762209,10196.84,5663.38,M1272678264,0.0,0.0,0,1,0,10196.84
177,CASH_OUT,297903.69,C1848106506,104872.0,0.0,C540991810,357828.23,655731.91,0,0,1,252956.22999999998
135,CASH_IN,125119.86,C1742066704,4061027.54,4186147.4,C607087259,227772.33,102652.47,0,0,0,3833255.21
138,PAYMENT,4836.6,C2023104264,524.0,0.0,M1114142254,0.0,0.0,0,1,0,524.0
194,CASH_IN,208457.58,C1146152054,4159612.6,4368070.18,C875939735,5938742.54,5730284.96,0,0,0,1779129.94
210,TRANSFER,204165.62,C1488255813,6185.0,0.0,C1686405435,0.0,204165.62,0,0,1,6185.0
351,CASH_OUT,253856.91,C1917191269,521376.73,267519.83,C2037030239,468179.87,722036.78,0,0,1,53196.859999999986
299,CASH_IN,65849.69,C914286803,10337.0,76186.69,C623717997,2342129.24,2276279.55,0,0,0,2331792.24
257,PAYMENT,14013.03,C1424090800,40692.0,26678.97,M2076268037,0.0,0.0,0,1,0,40692.0
22,CASH_OUT,32462.06,C328221457,0.0,0.0,C724362318,905648.17,938110.22,0,0,1,905648.17
33,CASH_OUT,129953.63,C1360495621,0.0,0.0,C993870751,22090463.23,22431163.04,0,0,1,22090463.23
298,CASH_OUT,300378.5,C445174295,0.0,0.0,C399169977,328164.6,628543.1,0,0,1,328164.6
229,PAYMENT,20170.47,C1707420318,437833.7,417663.23,M33034325,0.0,0.0,0,1,0,437833.7
225,TRANSFER,84703.87,C1821651825,84703.87,0.0,C587388242,0.0,0.0,1,0,1,84703.87
281,PAYMENT,661.61,C36816128,0.0,0.0,M754345389,0.0,0.0,0,1,0,0.0
404,CASH_IN,103016.87,C649019874,984244.45,1087261.32,C735734704,906436.6,803419.74,0,0,0,77807.84999999998
345,PAYMENT,9032.63,C558144313,484201.25,475168.61,M1496672935,0.0,0.0,0,1,0,484201.25
346,CASH_IN,249446.32,C539701685,2264855.89,2514302.2,C2121720222,254459.66,5013.35,0,0,0,2010396.2300000002
735,CASH_OUT,243459.96,C1148037845,243459.96,0.0,C387251817,9459523.04,9702983.01,1,0,1,9216063.079999998
405,TRANSFER,70756.72,C2042587270,70756.72,0.0,C1273182282,0.0,0.0,1,0,1,70756.72
212,TRANSFER,1027403.17,C1728323307,0.0,0.0,C1259769769,6457762.17,7485165.34,0,0,1,6457762.17
138,CASH_OUT,163114.42,C1314569234,0.0,0.0,C649866897,168594.06,331708.48,0,0,1,168594.06
14,CASH_IN,144933.68,C1663893226,4551008.3,4695941.98,C2079332573,566565.05,421631.37,0,0,0,3984443.25
96,TRANSFER,157416.52,C1594041326,0.0,0.0,C164431510,277438.21,434854.73,0,0,1,277438.21
185,CASH_OUT,367765.3,C1165339596,20211.0,0.0,C66893623,3035218.31,3402983.6,0,0,1,3015007.31
258,CASH_IN,146716.26,C699781770,5091342.61,5238058.87,C1762210439,461721.24,315004.98,0,0,0,4629621.37
526,PAYMENT,30504.97,C186658974,0.0,0.0,M576280896,0.0,0.0,0,1,0,0.0
548,TRANSFER,373166.11,C992425061,31814.0,0.0,C1795896585,126603.79,499769.9,0,0,1,94789.79
564,PAYMENT,13988.75,C1601999475,17105.0,3116.25,M1032118176,0.0,0.0,0,1,0,17105.0
312,CASH_OUT,149202.04,C1498460093,0.0,0.0,C562233580,2812035.68,2961237.72,0,0,1,2812035.68
7,CASH_OUT,5460002.91,C1588880909,5460002.91,0.0,C1570256460,0.0,9281535.44,1,0,1,5460002.91
692,CASH_OUT,46072.33,C1532133480,46072.33,0.0,C1174357565,813867.62,859939.95,1,0,1,767795.29
702,CASH_OUT,0.0,C1461113533,0.0,0.0,C1382150537,107777.02,107777.02,1,0,1,107777.02
235,CASH_OUT,121397.09,C1431020975,35121.0,0.0,C1843945304,417092.44,538489.53,0,0,1,381971.44
283,CASH_IN,199144.46,C270481878,55797.91,254942.36,C819368076,421516.72,222372.26,0,0,0,365718.80999999994
9,TRANSFER,1428362.78,C1342718890,97609.0,0.0,C1150936132,302132.94,2113645.93,0,0,1,204523.94
514,TRANSFER,48998.2,C1104857414,0.0,0.0,C2071270098,455598.23,504596.43,0,0,1,455598.23
154,CASH_OUT,4530.71,C831752854,4530.71,0.0,C1379173269,0.0,4530.71,1,0,1,4530.71
235,CASH_OUT,130807.26,C875504750,0.0,0.0,C1614770749,187200.34,318007.6,0,0,1,187200.34
394,CASH_OUT,178295.25,C1125588020,814.0,0.0,C727754382,338153.58,516448.83,0,0,1,337339.58
38,CASH_OUT,71181.84,C494947648,5169.0,0.0,C203080995,0.0,71181.84,0,0,1,5169.0
20,CASH_OUT,235632.96,C740279810,0.0,0.0,C507536444,2721738.51,3014375.19,0,0,1,2721738.51
258,CASH_OUT,245766.27,C909123768,0.0,0.0,C1985360772,544807.4,790573.67,0,0,1,544807.4
741,CASH_OUT,323726.61,C919525792,323726.61,0.0,C993635374,561753.58,885480.19,1,0,1,238026.96999999997
476,CASH_OUT,37394.15,C534886270,37394.15,0.0,C998024073,281667.87,319062.02,1,0,1,244273.72
31,TRANSFER,5021186.54,C1848562108,5021186.54,0.0,C1803198527,0.0,0.0,1,0,1,5021186.54
394,CASH_IN,160342.74,C2099965716,1153087.72,1313430.46,C1483816276,1102492.46,942149.72,0,0,0,50595.26000000001
12,CASH_IN,414556.44,C2130716221,409478.0,824034.44,C1341178321,0.0,0.0,0,0,0,409478.0
257,CASH_OUT,182247.47,C425093318,15966.0,0.0,C454727606,4713.46,186960.93,0,0,1,11252.54
521,CASH_OUT,27483.79,C744746510,27483.79,0.0,C1563109259,66220.65,93704.43,1,0,1,38736.85999999999
236,PAYMENT,7672.32,C848315831,0.0,0.0,M1083869704,0.0,0.0,0,1,0,0.0
202,PAYMENT,218.18,C1812416362,0.0,0.0,M1658459793,0.0,0.0,0,1,0,0.0
691,TRANSFER,473086.28,C1621962604,473086.28,0.0,C2071195320,0.0,0.0,1,0,1,473086.28
625,TRANSFER,10000000.0,C1179529142,13020974.53,3020974.53,C2073831661,0.0,0.0,1,0,1,13020974.53
228,CASH_IN,25223.57,C321750256,200390.0,225613.57,C731180267,0.0,0.0,0,0,0,200390.0
355,CASH_IN,110407.1,C647557184,4817688.37,4928095.47,C1010354208,4228070.38,4117663.29,0,0,0,589617.9900000002
201,CASH_OUT,16182.7,C1296182118,16182.7,0.0,C1650668671,0.0,16182.7,1,0,1,16182.7
156,TRANSFER,272774.46,C1897075803,0.0,0.0,C710144426,1049597.74,1322372.2,0,0,1,1049597.74
165,TRANSFER,292776.32,C231173651,30760.0,0.0,C504088424,1356786.57,1649562.89,0,0,1,1326026.57
403,CASH_IN,270296.1,C378239560,4615157.56,4885453.66,C1874126512,710088.26,439792.16,0,0,0,3905069.3
371,CASH_OUT,1874.4,C1077281695,58639.0,56764.6,C1017104081,3111138.22,3113012.61,0,0,1,3052499.22
469,CASH_OUT,79324.86,C787716404,36695.0,0.0,C1255411299,1133148.54,1212473.4,0,0,1,1096453.54
16,PAYMENT,13793.24,C513033597,843.0,0.0,M1359112123,0.0,0.0,0,1,0,843.0
283,PAYMENT,7085.4,C746133288,518048.9,510963.5,M233086710,0.0,0.0,0,1,0,518048.9
181,PAYMENT,1528.41,C1086094227,297166.43,295638.02,M523793779,0.0,0.0,0,1,0,297166.43
444,TRANSFER,408864.84,C1831363253,408864.84,0.0,C2045273924,0.0,0.0,1,0,1,408864.84
627,TRANSFER,953529.64,C943173894,953529.64,0.0,C771063877,0.0,0.0,1,0,1,953529.64
20,CASH_OUT,188507.62,C1905081513,188194.0,0.0,C398930099,49830.09,238337.71,0,0,1,138363.91
133,PAYMENT,4241.76,C1735725899,0.0,0.0,M850484147,0.0,0.0,0,1,0,0.0
203,PAYMENT,39266.93,C1009519906,0.0,0.0,M562998081,0.0,0.0,0,1,0,0.0
13,TRANSFER,6188514.81,C135832352,6188514.81,0.0,C2009346140,0.0,0.0,1,0,1,6188514.81
203,PAYMENT,6005.72,C757225645,7543.0,1537.28,M1390480614,0.0,0.0,0,1,0,7543.0
538,TRANSFER,1253358.42,C1147685648,1253358.42,0.0,C834380248,0.0,0.0,1,0,1,1253358.42
380,PAYMENT,11389.36,C1705251989,0.0,0.0,M2006627009,0.0,0.0,0,1,0,0.0
37,CASH_OUT,214979.42,C181373524,40858.0,0.0,C1938585709,12435.0,391085.1,0,0,1,28423.0
638,TRANSFER,1559540.62,C485713115,1559540.62,0.0,C1786870760,0.0,0.0,1,0,1,1559540.62
236,CASH_OUT,121747.2,C771740272,0.0,0.0,C1644942922,1437733.25,1559480.46,0,0,1,1437733.25
207,TRANSFER,50459.4,C1283592188,6440.0,0.0,C603256762,305613.65,356073.05,0,0,1,299173.65
608,TRANSFER,27985.73,C1047942249,27985.73,0.0,C2050212137,0.0,0.0,1,0,1,27985.73
178,CASH_OUT,2222008.27,C462145857,2222008.27,0.0,C2101247370,167293.11,2389301.38,1,0,1,2054715.1600000001
526,CASH_OUT,606920.11,C998785780,606920.11,0.0,C2120671448,16606636.44,17213556.55,1,0,1,15999716.33
274,CASH_IN,391166.55,C1802293181,134296.64,525463.19,C944296674,595724.14,204557.59,0,0,0,461427.5
523,TRANSFER,951451.17,C2053342988,951451.17,0.0,C1967338222,0.0,0.0,1,0,1,951451.17
377,CASH_OUT,305566.87,C2067565608,36852.43,0.0,C568357945,605197.63,910764.49,0,0,1,568345.2
495,TRANSFER,1301090.39,C1386844753,1301090.39,0.0,C808323881,0.0,0.0,1,0,1,1301090.39
216,PAYMENT,3626.84,C754768534,60773.0,57146.16,M902004912,0.0,0.0,0,1,0,60773.0
44,TRANSFER,222874.63,C1391189880,31344.0,0.0,C1108675046,9707920.6,9930795.23,0,0,1,9676576.6
331,PAYMENT,24916.75,C132767258,238404.65,213487.9,M44946537,0.0,0.0,0,1,0,238404.65
13,CASH_IN,37506.31,C993322749,1331368.56,1368874.87,C485500846,314470.79,276964.48,0,0,0,1016897.77
132,PAYMENT,2729.25,C733658019,0.0,0.0,M2100565573,0.0,0.0,0,1,0,0.0
356,PAYMENT,10528.23,C1433025465,2537.0,0.0,M125059356,0.0,0.0,0,1,0,2537.0
461,TRANSFER,1464614.79,C915102234,1464614.79,0.0,C475837987,0.0,0.0,1,0,1,1464614.79
41,CASH_OUT,293330.2,C359364328,357.0,0.0,C1207124317,152741.7,446071.9,0,0,1,152384.7
17,CASH_OUT,90326.2,C130932819,21097.0,0.0,C796647152,221829.68,312155.88,0,0,1,200732.68
113,CASH_OUT,37119.58,C39621039,37119.58,0.0,C1336335026,0.0,37119.58,1,0,1,37119.58
154,PAYMENT,13341.07,C1208302501,0.0,0.0,M1950675814,0.0,0.0,0,1,0,0.0
380,PAYMENT,44809.03,C1109018584,0.0,0.0,M90093337,0.0,0.0,0,1,0,0.0
273,PAYMENT,4210.54,C568998649,102768.0,98557.46,M1698883439,0.0,0.0,0,1,0,102768.0
44,TRANSFER,412924.19,C1062404610,21179.0,0.0,C798610243,0.0,412924.19,0,0,1,21179.0
17,CASH_IN,53093.1,C2103780708,168.0,53261.1,C430710430,282.0,0.0,0,0,0,114.0
184,CASH_IN,21560.28,C376094673,951495.25,973055.53,C1752656087,4631302.14,4380141.98,0,0,0,3679806.8899999997
379,CASH_OUT,2983996.6,C588956129,2983996.6,0.0,C1673836428,0.0,2983996.6,1,0,1,2983996.6
351,TRANSFER,232401.28,C746782745,51816.0,0.0,C1173050641,0.0,232401.28,0,0,1,51816.0
426,CASH_OUT,99804.21,C832632407,99804.21,0.0,C608557779,77105.84,176910.05,1,0,1,22698.37000000001
59,TRANSFER,3857176.83,C1675721447,3857176.83,0.0,C892636220,0.0,0.0,1,0,1,3857176.83
202,CASH_OUT,75217.84,C306117704,738.0,0.0,C1040312301,123175.82,198393.66,0,0,1,122437.82
514,CASH_OUT,48340.79,C1078822434,48340.79,0.0,C347056727,3532298.75,3580639.54,1,0,1,3483957.96
185,CASH_OUT,1281.01,C701355824,345014.65,343733.65,C1614781083,5269256.7,5270537.7,0,0,1,4924242.05
133,PAYMENT,10231.16,C482730221,0.0,0.0,M1621279997,0.0,0.0,0,1,0,0.0
324,CASH_OUT,420634.69,C348049471,0.0,0.0,C1342002319,889034.7,1309669.39,0,0,1,889034.7
14,CASH_OUT,39539.53,C622839964,12208.0,0.0,C440795879,0.0,39539.53,0,0,1,12208.0
332,PAYMENT,27902.78,C1100472929,0.0,0.0,M1267816190,0.0,0.0,0,1,0,0.0
583,CASH_OUT,759701.03,C1817565028,759701.03,0.0,C1623972064,1076095.67,1835796.71,1,0,1,316394.6399999999
259,CASH_IN,61330.13,C14342501,20985847.83,21047177.96,C1395121175,355851.0,294520.87,0,0,0,20629996.83
253,PAYMENT,8102.63,C38393094,116496.93,108394.3,M1749278013,0.0,0.0,0,1,0,116496.93
672,TRANSFER,7218629.01,C426878281,7218629.01,0.0,C1596412871,0.0,0.0,1,0,1,7218629.01
378,TRANSFER,2698972.36,C1287300108,0.0,0.0,C886750888,3402690.56,6101662.92,0,0,1,3402690.56
19,CASH_OUT,405068.37,C952770006,0.0,0.0,C540798555,3368124.94,3594989.56,0,0,1,3368124.94
158,PAYMENT,642.09,C1592943976,0.0,0.0,M254852148,0.0,0.0,0,1,0,0.0
683,CASH_OUT,73929.99,C652139882,73929.99,0.0,C641860418,1640832.48,1714762.47,1,0,1,1566902.49
12,TRANSFER,270925.06,C673319613,212276.0,0.0,C304524494,40943.09,549698.91,0,0,1,171332.91
209,CASH_OUT,350034.21,C873086961,42144.0,0.0,C2094739878,2313845.98,2663880.19,0,0,1,2271701.98
187,PAYMENT,4809.52,C1378392161,0.0,0.0,M1261752031,0.0,0.0,0,1,0,0.0
160,TRANSFER,10000000.0,C752627210,27670038.08,17670038.08,C1853789265,0.0,0.0,1,0,1,27670038.08
332,CASH_OUT,10711.04,C1471079876,0.0,0.0,C1886298820,28088.59,38799.63,0,0,1,28088.59
208,CASH_IN,128029.89,C1240050189,312165.0,440194.89,C1512598282,0.0,0.0,0,0,0,312165.0
282,CASH_OUT,140524.6,C1159480161,11883.0,0.0,C546592218,0.0,190308.98,0,0,1,11883.0
667,TRANSFER,71554.74,C118393699,71554.74,0.0,C1077131612,0.0,0.0,1,0,1,71554.74
475,CASH_OUT,11424.36,C358552175,11424.36,0.0,C11759889,155495.9,166920.26,1,0,1,144071.53999999998
217,CASH_OUT,108783.2,C656154265,108783.2,0.0,C1779832819,89597.75,198380.95,1,0,1,19185.449999999997
327,PAYMENT,30691.62,C1145081300,97267.9,66576.28,M1093530317,0.0,0.0,0,1,0,97267.9
403,CASH_OUT,196254.03,C2032582234,196254.03,0.0,C677415412,0.0,196254.03,1,0,1,196254.03
181,CASH_IN,49984.29,C712556762,55061.0,105045.29,C2098475020,191045.32,141061.03,0,0,0,135984.32
141,PAYMENT,3090.17,C725490922,952.0,0.0,M673054310,0.0,0.0,0,1,0,952.0
177,TRANSFER,430788.51,C1688421179,30449.0,0.0,C2010640257,0.0,430788.51,0,0,1,30449.0
253,CASH_OUT,67166.94,C1612901224,0.0,0.0,C686802968,371632.6,438799.54,0,0,1,371632.6
494,TRANSFER,3642569.29,C964891508,3642569.29,0.0,C262568847,0.0,0.0,1,0,1,3642569.29
256,PAYMENT,968.19,C1029327377,0.0,0.0,M1449298193,0.0,0.0,0,1,0,0.0
400,CASH_OUT,76687.35,C2125042791,0.0,0.0,C936746486,540526.73,617214.08,0,0,1,540526.73
12,PAYMENT,9440.86,C751074134,9839.0,398.14,M79044564,0.0,0.0,0,1,0,9839.0
399,CASH_OUT,402040.12,C1254058863,201420.71,0.0,C1643348757,5231902.2,5633942.33,0,0,1,5030481.49
213,CASH_IN,138792.51,C509815874,38891.6,177684.11,C1966710193,951586.3,812793.79,0,0,0,912694.7000000001
205,CASH_OUT,128572.96,C1976399024,128572.96,0.0,C1192180200,196488.42,325061.38,1,0,1,67915.46
209,PAYMENT,52678.26,C1070537823,166350.01,113671.75,M413035860,0.0,0.0,0,1,0,166350.01
722,TRANSFER,59263.88,C2141452552,59263.88,0.0,C1620015007,0.0,0.0,1,0,1,59263.88
235,CASH_OUT,161507.71,C737426775,0.0,0.0,C1882682792,192496.97,354004.67,0,0,1,192496.97
37,CASH_IN,184338.32,C2080024511,275.0,184613.32,C1680525470,0.0,0.0,0,0,0,275.0
162,CASH_OUT,377424.3,C382185519,0.0,0.0,C502692732,589719.91,967144.21,0,0,1,589719.91
400,CASH_OUT,54996.26,C631795663,0.0,0.0,C1998142792,82238.5,137234.76,0,0,1,82238.5
140,CASH_OUT,98918.12,C1472915289,98918.12,0.0,C311901651,7257771.83,7356689.94,1,0,1,7158853.71
209,CASH_IN,131052.57,C1810704184,6309359.57,6440412.14,C1949982384,248571.53,117518.96,0,0,0,6060788.04
206,CASH_OUT,328519.64,C229585011,106851.0,0.0,C1535001139,153879.33,482398.98,0,0,1,47028.32999999999
459,CASH_OUT,1153156.0,C165575041,1153156.0,0.0,C1041543827,0.0,1153156.0,1,0,1,1153156.0
379,PAYMENT,328.46,C135424163,20942.0,20613.54,M1978408060,0.0,0.0,0,1,0,20942.0
28,TRANSFER,3832058.34,C1279307827,3832058.34,0.0,C1124913173,0.0,0.0,1,0,1,3832058.34
552,TRANSFER,221077.97,C2136556787,221077.97,0.0,C926634161,0.0,0.0,1,0,1,221077.97
122,CASH_OUT,91637.51,C1556025752,91637.51,0.0,C1407010141,7336697.67,7428335.18,1,0,1,7245060.16
131,PAYMENT,20862.08,C966241720,0.0,0.0,M1104611459,0.0,0.0,0,1,0,0.0
576,CASH_OUT,28284.88,C1126995065,28284.88,0.0,C1039822411,477021.43,505306.31,1,0,1,448736.55
300,PAYMENT,32993.58,C1045637476,0.0,0.0,M565764136,0.0,0.0,0,1,0,0.0
258,PAYMENT,12699.62,C1353564679,274161.0,261461.38,M1683087176,0.0,0.0,0,1,0,274161.0
209,PAYMENT,709.0,C1781537466,31679.0,30970.0,M145393768,0.0,0.0,0,1,0,31679.0
142,CASH_OUT,346374.54,C1493875505,346374.54,0.0,C675229754,0.0,346374.54,1,0,1,346374.54
202,CASH_OUT,154108.4,C86419942,161219.0,7110.6,C113886386,0.0,154108.4,0,0,1,161219.0
187,CASH_OUT,341381.71,C1624818963,3439.0,0.0,C1616128662,6876829.16,7218210.88,0,0,1,6873390.16
393,CASH_OUT,432958.83,C2043309958,432958.83,0.0,C1494581610,0.0,432958.83,1,0,1,432958.83
354,CASH_OUT,66550.0,C550781139,66550.0,0.0,C335413710,0.0,66550.0,1,0,1,66550.0
228,CASH_OUT,153328.06,C637286117,0.0,0.0,C414256296,3457224.44,3610552.49,0,0,1,3457224.44
379,CASH_OUT,290649.48,C1675549673,10363.0,0.0,C2114867935,0.0,290649.48,0,0,1,10363.0
370,PAYMENT,9648.89,C1204593012,363783.95,354135.06,M660899153,0.0,0.0,0,1,0,363783.95
236,TRANSFER,968651.23,C1926006259,968651.23,0.0,C1585189604,0.0,0.0,1,0,1,968651.23
324,CASH_OUT,172745.08,C1567135800,0.0,0.0,C773705472,529922.96,702668.03,0,0,1,529922.96
380,CASH_OUT,298352.69,C1030867716,0.0,0.0,C1484297893,2191655.98,2490008.67,0,0,1,2191655.98
153,CASH_IN,257032.49,C1909539666,1467347.65,1724380.13,C1605194819,355556.11,98523.62,0,0,0,1111791.54
204,PAYMENT,3425.31,C1541251926,0.0,0.0,M257380,0.0,0.0,0,1,0,0.0
548,PAYMENT,21712.1,C261363131,0.0,0.0,M2017095210,0.0,0.0,0,1,0,0.0
301,PAYMENT,60521.89,C8064670,132565.0,72043.11,M1274141981,0.0,0.0,0,1,0,132565.0
378,CASH_OUT,289053.27,C1596512280,351173.0,62119.73,C810238472,0.0,289053.27,0,0,1,351173.0
355,PAYMENT,13136.43,C154720984,9046.0,0.0,M1465882586,0.0,0.0,0,1,0,9046.0
177,CASH_OUT,166566.92,C1429674558,31452.0,0.0,C2106331819,113883.65,280450.57,0,0,1,82431.65
160,CASH_IN,139326.29,C1389863888,1496.0,140822.29,C110947527,2344488.59,2205162.3,0,0,0,2342992.59
446,CASH_OUT,7782452.17,C1601590561,7782452.17,0.0,C970433237,0.0,7782452.17,1,0,1,7782452.17
275,TRANSFER,513082.74,C1314353010,513082.74,0.0,C1426875642,0.0,0.0,1,0,1,513082.74
350,TRANSFER,640648.06,C1231531045,640648.06,0.0,C1282254449,0.0,0.0,1,0,1,640648.06
134,CASH_IN,372430.61,C1486346883,10513.0,382943.61,C987392539,0.0,0.0,0,0,0,10513.0
571,TRANSFER,272637.22,C2141717111,272637.22,0.0,C765286683,0.0,0.0,1,0,1,272637.22
136,CASH_OUT,79032.62,C611700722,0.0,0.0,C419399167,4817234.02,4896266.64,0,0,1,4817234.02
350,CASH_OUT,129199.07,C1298276418,20912.0,0.0,C1504427013,8280605.33,8409804.4,0,0,1,8259693.33
182,TRANSFER,294989.71,C1641162834,294989.71,0.0,C298906210,0.0,0.0,1,0,1,294989.71
536,CASH_OUT,285382.07,C2026773227,285382.07,0.0,C1098688796,0.0,285382.07,1,0,1,285382.07
215,PAYMENT,4161.82,C475509877,7283.0,3121.18,M1822106749,0.0,0.0,0,1,0,7283.0
36,PAYMENT,37985.92,C433367349,0.0,0.0,M2046700373,0.0,0.0,0,1,0,0.0
350,PAYMENT,36193.3,C144952367,38203.61,2010.31,M1666589002,0.0,0.0,0,1,0,38203.61
352,CASH_OUT,89533.1,C760695987,6338.0,0.0,C716646337,135248.83,224781.93,0,0,1,128910.82999999999
45,CASH_IN,88159.62,C2137042699,31978.0,120137.62,C1857346532,33417.39,0.0,0,0,0,1439.3899999999994
15,CASH_OUT,441175.71,C1392874634,311861.24,0.0,C1601366159,150482.72,591658.43,0,0,1,161378.52
523,TRANSFER,121543.83,C2080970760,121543.83,0.0,C723423255,0.0,0.0,1,0,1,121543.83
379,TRANSFER,8317724.27,C2084166173,8317724.27,0.0,C1399946131,0.0,0.0,1,0,1,8317724.27
348,PAYMENT,5970.41,C1903712537,0.0,0.0,M140138040,0.0,0.0,0,1,0,0.0
185,CASH_IN,344461.13,C1667135569,4546.0,349007.13,C1427990645,2244668.43,1900207.31,0,0,0,2240122.43
206,CASH_OUT,154196.49,C1013101723,154196.49,0.0,C1068088118,325765.34,479961.83,1,0,1,171568.85000000003
328,CASH_OUT,197648.92,C592667867,10239.0,0.0,C290920701,99399.87,297048.79,0,0,1,89160.87
186,CASH_IN,141127.39,C635549395,99113.35,240240.73,C887944099,340273.75,199146.37,0,0,0,241160.4
350,CASH_OUT,270880.88,C733940175,0.0,0.0,C1534053679,494353.49,765234.37,0,0,1,494353.49
132,TRANSFER,300554.65,C206029927,46552.0,0.0,C426505175,885150.0,1185704.65,0,0,1,838598.0
514,CASH_OUT,137605.04,C1580498026,137605.04,0.0,C191934228,0.0,137605.04,1,0,1,137605.04
217,TRANSFER,13266.93,C652385555,13266.93,0.0,C1385664788,0.0,0.0,1,0,1,13266.93
72,CASH_OUT,10000000.0,C1438388258,10000000.0,0.0,C1089455271,81810.42,10081810.42,1,0,1,9918189.58
362,CASH_OUT,174.92,C722054736,174.92,0.0,C1009545186,29134.25,29309.17,1,0,1,28959.33
256,CASH_OUT,255028.93,C891040808,255028.93,0.0,C1410026148,2684616.74,2939645.67,1,0,1,2429587.81
331,PAYMENT,27436.35,C231433413,50624.0,23187.65,M342300555,0.0,0.0,0,1,0,50624.0
130,CASH_OUT,125497.01,C1091123393,0.0,0.0,C2043925587,659756.67,785253.68,0,0,1,659756.67
185,PAYMENT,36151.18,C357203225,102550.0,66398.82,M547256356,0.0,0.0,0,1,0,102550.0
372,PAYMENT,1087.1,C2015697769,52836.23,51749.14,M1872069497,0.0,0.0,0,1,0,52836.23
35,PAYMENT,21847.19,C2108508882,156753.96,134906.78,M249036406,0.0,0.0,0,1,0,156753.96
133,CASH_IN,205204.78,C1881833005,243.0,205447.78,C683724759,1811243.68,1606038.89,0,0,0,1811000.68
16,TRANSFER,31074.0,C457962127,31074.0,0.0,C614104997,0.0,0.0,1,0,1,31074.0
251,PAYMENT,16594.51,C1792497441,0.0,0.0,M1685561752,0.0,0.0,0,1,0,0.0
304,PAYMENT,24502.08,C1907205506,0.0,0.0,M1930724784,0.0,0.0,0,1,0,0.0
231,CASH_IN,135203.61,C2026515461,28907.0,164110.61,C1928984366,275364.26,140160.65,0,0,0,246457.26
399,TRANSFER,2196687.64,C912717299,0.0,0.0,C1034030587,11827578.08,14024265.72,0,0,1,11827578.08
253,CASH_IN,438132.21,C583867751,82772.0,520904.21,C2121671655,361865.29,0.0,0,0,0,279093.29
120,CASH_OUT,377919.58,C1005458940,377919.58,0.0,C1404789740,617276.1,995195.68,1,0,1,239356.51999999996
336,TRANSFER,170038.31,C498550702,170038.31,0.0,C982724683,0.0,0.0,1,0,1,170038.31
373,CASH_OUT,285008.47,C524947225,50215.0,0.0,C1941590817,4118572.27,4403580.75,0,0,1,4068357.27
440,CASH_OUT,1912961.16,C1229304317,1912961.16,0.0,C1540888387,225745.59,2138706.75,1,0,1,1687215.5699999998
313,TRANSFER,1467324.96,C348342265,1467324.96,0.0,C2039650387,0.0,0.0,1,0,1,1467324.96
686,CASH_OUT,282241.13,C693529214,11278.0,0.0,C1129680608,35061.63,317302.77,0,0,1,23783.629999999997
19,CASH_OUT,44398.27,C1834900209,41911.0,0.0,C691387667,0.0,44398.27,0,0,1,41911.0
326,PAYMENT,12712.08,C571605830,111592.0,98879.92,M827166456,0.0,0.0,0,1,0,111592.0
396,CASH_IN,123567.22,C1962015662,31151.0,154718.22,C457016204,0.0,0.0,0,0,0,31151.0
208,CASH_OUT,65029.23,C1887578442,40624.0,0.0,C400811276,0.0,65029.23,0,0,1,40624.0
167,PAYMENT,4819.7,C377760392,0.0,0.0,M735870961,0.0,0.0,0,1,0,0.0
138,CASH_OUT,9876.35,C1411052547,0.0,0.0,C1539958048,36695.45,46571.8,0,0,1,36695.45
178,PAYMENT,7217.99,C72785671,248376.89,241158.9,M1463337499,0.0,0.0,0,1,0,248376.89
241,TRANSFER,657417.64,C1148562150,657417.64,0.0,C1745091361,0.0,0.0,1,0,1,657417.64
399,CASH_OUT,265797.28,C514442845,13193.0,0.0,C1623275464,8467.55,274264.83,0,0,1,4725.450000000001
353,CASH_IN,168676.9,C375276621,3713095.61,3881772.51,C1154592510,18288583.05,18119906.14,0,0,0,14575487.440000001
255,CASH_IN,45526.25,C1979589193,3509.0,49035.25,C639916530,2409483.71,2363957.46,0,0,0,2405974.71
330,PAYMENT,13147.83,C1852561707,20147.0,6999.17,M1227993151,0.0,0.0,0,1,0,20147.0
278,CASH_OUT,30118.06,C438958690,20843.0,0.0,C786530370,18309.85,48427.9,0,0,1,2533.1500000000015
132,CASH_OUT,15364.22,C1716161144,0.0,0.0,C546541217,8732481.18,8747845.4,0,0,1,8732481.18
146,CASH_OUT,60516.53,C1241672000,60516.53,0.0,C271238521,0.0,60516.53,1,0,1,60516.53
397,CASH_OUT,291047.29,C879373317,0.0,0.0,C790637968,2596723.45,2887770.74,0,0,1,2596723.45
281,PAYMENT,5689.03,C1552943345,0.0,0.0,M1606663058,0.0,0.0,0,1,0,0.0
596,PAYMENT,11871.08,C588515776,128689.88,116818.81,M668476885,0.0,0.0,0,1,0,128689.88
408,PAYMENT,4056.4,C1767552902,0.0,0.0,M687943880,0.0,0.0,0,1,0,0.0
310,CASH_OUT,390524.72,C1810485511,0.0,0.0,C656501490,5622223.64,6012748.37,0,0,1,5622223.64
17,CASH_OUT,110113.66,C820703104,0.0,0.0,C19191939,487341.97,719631.05,0,0,1,487341.97
71,TRANSFER,62091.44,C1985338048,62091.44,0.0,C1366367431,0.0,0.0,1,0,1,62091.44
355,CASH_OUT,98373.76,C1380577307,14861.0,0.0,C657920951,337841.65,436215.41,0,0,1,322980.65
348,CASH_OUT,242160.64,C1657144731,168.0,0.0,C516119531,330915.51,573076.15,0,0,1,330747.51
307,PAYMENT,15726.42,C200058155,39745.3,24018.88,M1972894950,0.0,0.0,0,1,0,39745.3
162,CASH_OUT,141647.81,C706331311,24923.0,0.0,C575853652,13025126.37,13166774.18,0,0,1,13000203.37
138,PAYMENT,22254.16,C651356145,79515.0,57260.84,M1928122403,0.0,0.0,0,1,0,79515.0
461,TRANSFER,227955.85,C32167725,227955.85,0.0,C1980945664,0.0,0.0,1,0,1,227955.85
15,CASH_OUT,146869.32,C634079384,0.0,0.0,C1719751259,5643167.24,5790036.56,0,0,1,5643167.24
16,CASH_IN,34174.63,C1886483288,19991.0,54165.63,C1904154741,0.0,0.0,0,0,0,19991.0
41,CASH_OUT,356597.06,C1545777449,310.0,0.0,C895882992,448505.8,805102.86,0,0,1,448195.8
162,TRANSFER,351589.3,C1681691866,0.0,0.0,C628537825,764562.12,1116151.42,0,0,1,764562.12
168,TRANSFER,370540.03,C310977517,0.0,0.0,C730514902,552355.47,922895.5,0,0,1,552355.47
270,TRANSFER,395531.72,C497404985,395531.72,0.0,C1272345661,0.0,0.0,1,0,1,395531.72
356,CASH_OUT,83993.1,C2084532552,47243.1,0.0,C67826765,1863518.45,1947511.55,0,0,1,1816275.3499999999
330,CASH_OUT,9198459.96,C1904629487,9198459.96,0.0,C1741955070,258747.84,15173859.31,1,0,1,8939712.120000001
187,PAYMENT,2867.04,C1329490001,0.0,0.0,M381026696,0.0,0.0,0,1,0,0.0
149,TRANSFER,661558.27,C644461702,661558.27,0.0,C1700734681,0.0,0.0,1,0,1,661558.27
533,CASH_OUT,18042.11,C473271936,18042.11,0.0,C356431385,135951.5,153993.61,1,0,1,117909.39
201,PAYMENT,3516.65,C395402014,10096.0,6579.35,M1373508349,0.0,0.0,0,1,0,10096.0
276,CASH_OUT,155995.61,C814101524,461150.0,305154.39,C2070746576,2973228.75,3129224.36,0,0,1,2512078.75
247,CASH_OUT,2025628.87,C1840157167,2025628.87,0.0,C760531323,914254.52,2939883.39,1,0,1,1111374.35
355,PAYMENT,9111.04,C754057082,204486.0,195374.96,M205759488,0.0,0.0,0,1,0,204486.0
305,CASH_OUT,192700.76,C1881808635,21011.0,0.0,C1668535363,0.0,192700.76,0,0,1,21011.0
18,CASH_IN,270356.27,C2041355639,383451.85,653808.12,C405591429,454408.22,267191.4,0,0,0,70956.37
648,CASH_OUT,774868.1,C1516959235,774868.1,0.0,C1812639726,131877.41,906745.51,1,0,1,642990.69
140,PAYMENT,3311.88,C2129111632,56117.0,52805.12,M1616056201,0.0,0.0,0,1,0,56117.0
83,TRANSFER,365099.76,C426265650,365099.76,0.0,C2019200762,0.0,0.0,1,0,1,365099.76
235,CASH_OUT,4814.69,C752353094,4814.69,0.0,C1794146784,0.0,4814.69,1,0,1,4814.69
571,CASH_OUT,3729.95,C931640243,20871.0,17141.05,C338681298,30900.71,34630.66,0,0,1,10029.71
37,CASH_OUT,153990.39,C849849448,0.0,0.0,C1824686860,841785.4,995775.79,0,0,1,841785.4
372,TRANSFER,2923356.25,C1312260902,2923356.25,0.0,C1724629227,0.0,0.0,1,0,1,2923356.25
98,TRANSFER,63624.08,C1872359745,63624.08,0.0,C1089130504,0.0,0.0,1,0,1,63624.08
350,CASH_OUT,3337.18,C1991826821,0.0,0.0,C1607357456,1318593.62,1321930.8,0,0,1,1318593.62
234,CASH_OUT,254400.58,C399548037,0.0,0.0,C1546656945,2484793.11,2739193.69,0,0,1,2484793.11
205,CASH_OUT,180490.7,C171263977,20396.0,0.0,C537068930,0.0,180490.7,0,0,1,20396.0
59,CASH_OUT,394388.09,C1802030448,394388.09,0.0,C707965723,1260564.49,1654952.58,1,0,1,866176.3999999999
330,PAYMENT,6567.1,C15401048,53233.0,46665.9,M1557998278,0.0,0.0,0,1,0,53233.0
232,CASH_IN,139580.1,C54546417,4523.0,144103.1,C1526573239,282349.45,133889.45,0,0,0,277826.45
355,PAYMENT,19439.37,C907147321,0.0,0.0,M1692938088,0.0,0.0,0,1,0,0.0
688,CASH_OUT,676913.69,C1681616324,676913.69,0.0,C624338694,2202695.62,2879609.32,1,0,1,1525781.9300000002
264,CASH_OUT,7304.56,C1939262024,7304.56,0.0,C239252386,0.0,7304.56,1,0,1,7304.56
372,PAYMENT,11767.5,C1515049342,32046.67,20279.16,M1695469180,0.0,0.0,0,1,0,32046.67
373,CASH_IN,179826.28,C1674830826,5616198.6,5796024.88,C1334798773,193987.38,14161.11,0,0,0,5422211.22
157,CASH_IN,282295.56,C1417953174,6488221.85,6770517.41,C703503966,599602.44,330438.61,0,0,0,5888619.41
631,CASH_OUT,3120690.98,C384250623,3120690.98,0.0,C2002380893,3881444.6,7002135.58,1,0,1,760753.6200000001
587,TRANSFER,985127.95,C1119643786,985127.95,0.0,C665763176,0.0,0.0,1,0,1,985127.95
349,DEBIT,9098.41,C937836446,0.0,0.0,C510354399,57661.94,66760.35,0,1,0,57661.94
177,CASH_OUT,26460.22,C816929958,0.0,0.0,C1778835268,448079.84,474540.06,0,0,1,448079.84
524,CASH_OUT,192748.59,C1545210780,19095.0,0.0,C1580132715,3789687.82,3982436.41,0,0,1,3770592.82
39,PAYMENT,2180.71,C250205734,30167.0,27986.29,M559494688,0.0,0.0,0,1,0,30167.0
207,PAYMENT,1721.46,C1721105538,132177.0,130455.54,M662411788,0.0,0.0,0,1,0,132177.0
204,PAYMENT,2132.5,C1028945431,61726.0,59593.5,M1135422059,0.0,0.0,0,1,0,61726.0
273,CASH_OUT,45504.18,C786596310,0.0,0.0,C1441051345,1616777.67,1662281.85,0,0,1,1616777.67
149,TRANSFER,155534.95,C1706545542,155534.95,0.0,C2068537951,0.0,0.0,1,0,1,155534.95
349,CASH_IN,632116.11,C912975833,5063.0,637179.11,C1492468769,0.0,0.0,0,0,0,5063.0
34,PAYMENT,4794.24,C29143096,39880.0,35085.76,M1815476816,0.0,0.0,0,1,0,39880.0
182,CASH_IN,206051.65,C631370465,1497351.53,1703403.18,C1754391457,2823757.09,2617705.44,0,0,0,1326405.5599999998
136,TRANSFER,1537512.1,C1237813414,21194.0,0.0,C2026975295,8353713.05,9891225.15,0,0,1,8332519.05
250,CASH_IN,142793.96,C1814780653,206778.0,349571.96,C1259689538,754727.63,611933.67,0,0,0,547949.63
369,PAYMENT,36239.8,C395194566,15908.0,0.0,M1711457665,0.0,0.0,0,1,0,15908.0
78,TRANSFER,178569.48,C282621115,178569.48,0.0,C2027238520,0.0,0.0,1,0,1,178569.48
327,CASH_OUT,146729.67,C661431090,146729.67,0.0,C249687884,0.0,146729.67,1,0,1,146729.67
155,CASH_OUT,398107.25,C992677081,50505.0,0.0,C348615894,363355.53,1138435.87,0,0,1,312850.53
498,CASH_OUT,207261.07,C1856398520,207261.07,0.0,C1898820013,48221.7,255482.77,1,0,1,159039.37
214,PAYMENT,32494.93,C1533784510,0.0,0.0,M786182028,0.0,0.0,0,1,0,0.0
353,CASH_OUT,174566.53,C482336380,174566.53,0.0,C985066734,1191715.74,1366282.27,1,0,1,1017149.21
187,TRANSFER,224498.56,C2078471288,0.0,0.0,C1023869457,1211860.09,1436358.64,0,0,1,1211860.09
656,TRANSFER,766257.55,C904749186,766257.55,0.0,C1046618860,0.0,0.0,1,0,1,766257.55
332,CASH_OUT,174339.21,C1296606344,0.0,0.0,C618061516,339423.67,513762.88,0,0,1,339423.67
12,CASH_OUT,76554.53,C1500504630,10893.0,0.0,C942975218,1758776.46,1835330.99,0,0,1,1747883.46
133,CASH_IN,88520.72,C917011061,1294259.33,1382780.05,C1882999572,1358017.98,1269497.26,0,0,0,63758.64999999991
327,CASH_IN,94821.26,C879030953,7123.0,101944.26,C1996339009,14330130.3,14235309.04,0,0,0,14323007.3
353,CASH_IN,394922.54,C228733013,5617260.58,6012183.12,C253018844,2734933.96,2340011.42,0,0,0,2882326.62
351,CASH_IN,89613.14,C1892286460,168456.48,258069.63,C1886475823,51392.86,0.0,0,0,0,117063.62000000001
205,CASH_IN,39549.4,C1909699186,2161901.66,2201451.06,C1015249263,246098.85,206549.45,0,0,0,1915802.81
670,CASH_IN,55063.31,C1058813427,33339.0,88402.31,C430708780,542518.24,487454.93,0,0,0,509179.24
452,TRANSFER,227349.18,C523315738,227349.18,0.0,C1520782025,0.0,0.0,1,0,1,227349.18
450,TRANSFER,146061.11,C754902447,146061.11,0.0,C201681253,0.0,0.0,1,0,1,146061.11
213,TRANSFER,1650168.9,C507437434,1650168.9,0.0,C1489598243,0.0,0.0,1,0,1,1650168.9
332,CASH_IN,219255.56,C678240718,380264.95,599520.51,C341166883,372492.41,153236.85,0,0,0,7772.540000000037
403,PAYMENT,2651.81,C40441254,0.0,0.0,M1035533755,0.0,0.0,0,1,0,0.0
280,CASH_OUT,99554.74,C1476793818,4968.09,0.0,C1124664517,649657.26,749212.01,0,0,1,644689.17
427,CASH_OUT,4892226.25,C505947737,4892226.25,0.0,C1438698807,54435.33,4946661.58,1,0,1,4837790.92
700,CASH_OUT,113447.92,C311401803,113447.92,0.0,C1675116144,4125541.75,4238989.66,1,0,1,4012093.83
580,TRANSFER,105861.07,C261904702,105861.07,0.0,C152930989,0.0,0.0,1,0,1,105861.07
306,PAYMENT,17997.45,C1559147632,10262.0,0.0,M1539835201,0.0,0.0,0,1,0,10262.0
357,CASH_OUT,111735.24,C1783471692,0.0,0.0,C275469353,1738779.07,1850514.31,0,0,1,1738779.07
348,PAYMENT,951.93,C1795426625,0.0,0.0,M311330046,0.0,0.0,0,1,0,0.0
44,CASH_OUT,153780.2,C970540900,1490.9,0.0,C949929326,436998.79,554017.92,0,0,1,435507.88999999996
154,PAYMENT,224.94,C1208086999,330884.25,330659.31,M1122493816,0.0,0.0,0,1,0,330884.25
373,CASH_OUT,148966.46,C1426886623,20124.0,0.0,C643255397,234327.82,383294.28,0,0,1,214203.82
301,PAYMENT,14538.45,C1738465882,0.0,0.0,M1983768627,0.0,0.0,0,1,0,0.0
352,PAYMENT,14064.22,C2014548083,11034.0,0.0,M501867006,0.0,0.0,0,1,0,11034.0
310,PAYMENT,34185.52,C839045760,26750.0,0.0,M93513780,0.0,0.0,0,1,0,26750.0
253,PAYMENT,2684.72,C2048942289,0.0,0.0,M140706491,0.0,0.0,0,1,0,0.0
163,CASH_OUT,259161.23,C1271137945,182178.8,0.0,C1199889392,5215488.94,5474650.17,0,0,1,5033310.140000001
9,PAYMENT,14287.71,C1347379915,159476.0,145188.29,M1674800628,0.0,0.0,0,1,0,159476.0
401,CASH_IN,845225.46,C108738071,6569475.93,7414701.4,C1381667245,3881219.33,3035993.87,0,0,0,2688256.5999999996
330,CASH_OUT,58605.38,C1936362070,0.0,0.0,C182239214,599629.23,658234.6,0,0,1,599629.23
400,TRANSFER,436757.76,C1866512540,436757.76,0.0,C2138692554,0.0,0.0,1,0,1,436757.76
328,PAYMENT,37188.98,C276994277,0.0,0.0,M1015680877,0.0,0.0,0,1,0,0.0
412,CASH_OUT,571163.03,C1600275467,571163.03,0.0,C902858452,45861.48,617024.51,1,0,1,525301.55
374,CASH_OUT,73551.39,C809724565,65349.0,0.0,C284633590,0.0,73551.39,0,0,1,65349.0
275,CASH_OUT,68343.48,C1112810011,31996.0,0.0,C1955167222,784055.49,852398.97,0,0,1,752059.49
187,CASH_IN,264423.47,C1046179561,7308971.72,7573395.2,C1030184000,1527482.78,1263059.3,0,0,0,5781488.9399999995
481,TRANSFER,20296.68,C1415686677,20296.68,0.0,C384177810,0.0,0.0,1,0,1,20296.68
43,CASH_IN,3280.68,C294645511,45739.0,49019.68,C399556424,454092.48,450811.8,0,0,0,408353.48
398,TRANSFER,77142.73,C1380807891,0.0,0.0,C269808710,295551.89,372694.61,0,0,1,295551.89
596,TRANSFER,204721.27,C1892500400,204721.27,0.0,C517910337,0.0,0.0,1,0,1,204721.27
430,TRANSFER,2828068.73,C1916200037,2828068.73,0.0,C483349301,0.0,0.0,1,0,1,2828068.73
33,CASH_OUT,62031.44,C2012889274,0.0,0.0,C48020441,397769.18,459800.61,0,0,1,397769.18
90,TRANSFER,249791.3,C2018224474,249791.3,0.0,C1562137241,0.0,0.0,1,0,1,249791.3
36,CASH_OUT,4977.9,C2101523856,0.0,0.0,C103846014,49509.0,54486.9,0,0,1,49509.0
359,CASH_OUT,7428844.46,C2052842135,7428844.46,0.0,C1331351284,0.0,7428844.46,1,0,1,7428844.46
588,CASH_OUT,121505.23,C230574919,25212.0,0.0,C1336930672,0.0,121505.23,0,0,1,25212.0
228,TRANSFER,512443.8,C418274229,330934.17,0.0,C2027569559,5684981.83,6197425.63,0,0,1,5354047.66
465,CASH_OUT,1760061.57,C1907027988,1760061.57,0.0,C1368065448,142305.44,1902367.02,1,0,1,1617756.1300000001
451,CASH_OUT,101588.75,C1881994320,134323.0,32734.25,C56512896,17249.27,118838.02,0,0,1,117073.73
163,CASH_OUT,189954.55,C577513339,248869.0,58914.45,C317024493,1932711.35,2122665.9,0,0,1,1683842.35
298,CASH_IN,321430.27,C915918307,1713434.04,2034864.3,C815155960,4390805.01,4069374.75,0,0,0,2677370.9699999997
594,CASH_OUT,217357.58,C543137338,217357.58,0.0,C1467736806,8844811.88,9062169.46,1,0,1,8627454.3
44,PAYMENT,5294.53,C2050579337,0.0,0.0,M621618670,0.0,0.0,0,1,0,0.0
312,CASH_OUT,608290.12,C1818027225,608290.12,0.0,C1832609455,187218.01,795508.14,1,0,1,421072.11
138,CASH_OUT,94995.18,C2015058306,0.0,0.0,C599885006,162629.65,257624.83,0,0,1,162629.65
17,PAYMENT,639.93,C1177474426,0.0,0.0,M220389528,0.0,0.0,0,1,0,0.0
355,CASH_OUT,235214.57,C1887742602,77252.0,0.0,C1244017819,734383.35,969597.92,0,0,1,657131.35
542,TRANSFER,429613.14,C884642653,0.0,0.0,C1650161287,1442986.31,1872599.45,0,0,1,1442986.31
162,CASH_IN,531313.43,C1025947347,8013398.72,8544712.15,C1438086193,1017621.24,486307.82,0,0,0,6995777.4799999995
396,CASH_OUT,86067.94,C286682437,0.0,0.0,C1280807165,93630.11,179698.05,0,0,1,93630.11
297,PAYMENT,14886.16,C796574317,0.0,0.0,M1115419391,0.0,0.0,0,1,0,0.0
264,CASH_OUT,2514878.33,C1163253466,2514878.33,0.0,C1720852348,1017845.77,3532724.1,1,0,1,1497032.56
164,CASH_IN,29695.28,C281123971,21176.0,50871.28,C1619975081,7963787.77,7934092.48,0,0,0,7942611.77
628,TRANSFER,709950.57,C1239512802,709950.57,0.0,C1688563256,0.0,0.0,1,0,1,709950.57
26,CASH_OUT,37065.55,C281192595,37065.55,0.0,C514736179,1396327.66,1433393.21,1,0,1,1359262.1099999999
306,CASH_OUT,4262592.28,C1909269068,4262592.28,0.0,C1758624073,237422.88,4500015.17,1,0,1,4025169.4000000004
287,TRANSFER,96558.95,C73777032,10423.0,0.0,C810151741,1282592.18,1379151.13,0,0,1,1272169.18
253,PAYMENT,9115.71,C1303215489,341809.88,332694.17,M378918645,0.0,0.0,0,1,0,341809.88
18,PAYMENT,2539.53,C883555630,0.0,0.0,M1617257871,0.0,0.0,0,1,0,0.0
522,TRANSFER,146908.38,C2104935185,146908.38,0.0,C1426723471,0.0,0.0,1,0,1,146908.38
584,CASH_OUT,1016081.0,C1819971579,1016081.0,0.0,C1976692197,0.0,1016081.0,1,0,1,1016081.0
259,CASH_OUT,23244.34,C346005295,10215.0,0.0,C882708618,0.0,23244.34,0,0,1,10215.0
227,CASH_OUT,42871.9,C1546906332,0.0,0.0,C1604270900,53641.51,96513.42,0,0,1,53641.51
596,PAYMENT,2732.83,C731936133,11532.0,8799.17,M1255109114,0.0,0.0,0,1,0,11532.0
17,CASH_OUT,82198.45,C1073100319,30873.0,0.0,C628127069,81070.31,0.0,0,0,1,50197.31
178,CASH_IN,56476.17,C1209603158,872321.93,928798.1,C1309558956,214206.26,157730.09,0,0,0,658115.67
548,CASH_OUT,125143.42,C901719911,159.0,0.0,C1171936004,108633.79,233777.21,0,0,1,108474.79
187,TRANSFER,170922.43,C1346726276,0.0,0.0,C1299458576,485743.06,656665.49,0,0,1,485743.06
322,TRANSFER,10652.04,C1299946604,0.0,0.0,C1651770276,13078.08,23730.12,0,0,1,13078.08
144,PAYMENT,19283.11,C1875201404,51582.0,32298.89,M559624823,0.0,0.0,0,1,0,51582.0
395,TRANSFER,874413.6,C664510019,0.0,0.0,C874467439,2439571.76,3313985.35,0,0,1,2439571.76
186,CASH_OUT,210905.15,C664355211,416.0,0.0,C212456171,0.0,210905.15,0,0,1,416.0
255,DEBIT,2911.39,C1670823889,33163.0,30251.61,C1181134324,4688481.42,4691392.81,0,1,0,4655318.42
489,TRANSFER,7515624.63,C1144230283,7515624.63,0.0,C1501063702,0.0,0.0,1,0,1,7515624.63
255,CASH_IN,124346.14,C638437630,1151513.35,1275859.49,C553755287,358929.79,234583.64,0,0,0,792583.56
157,CASH_OUT,119361.45,C1507978671,105628.0,0.0,C2038281466,6792969.07,6976711.87,0,0,1,6687341.07
275,CASH_OUT,298271.91,C1479712550,0.0,0.0,C1119658042,888449.2,1186721.11,0,0,1,888449.2
715,CASH_OUT,167204.18,C1698424751,8754.0,0.0,C1532269184,0.0,167204.18,0,0,1,8754.0
204,CASH_IN,231835.12,C1005344036,40855.0,272690.12,C1515023483,0.0,0.0,0,0,0,40855.0
371,PAYMENT,4119.64,C718104694,0.0,0.0,M222513061,0.0,0.0,0,1,0,0.0
166,CASH_OUT,113261.69,C959416786,136183.39,22921.7,C986752946,161176.29,274437.98,0,0,1,24992.899999999994
379,TRANSFER,29711.27,C1848102719,57464.0,27752.73,C321280509,0.0,29711.27,0,0,1,57464.0
378,CASH_IN,161523.7,C318478506,1310083.31,1471607.01,C14979056,5036924.77,4875401.07,0,0,0,3726841.4599999995
179,CASH_OUT,71321.69,C2126962422,0.0,0.0,C1502877609,4302301.04,4373622.73,0,0,1,4302301.04
102,TRANSFER,548335.12,C1838392320,548335.12,0.0,C1134214570,0.0,0.0,1,0,1,548335.12
179,CASH_OUT,9051.3,C880963557,0.0,0.0,C1043416880,143537.21,152588.51,0,0,1,143537.21
229,CASH_OUT,172820.16,C171843053,0.0,0.0,C2030290280,1126215.16,1299035.32,0,0,1,1126215.16
134,CASH_OUT,283568.41,C1838285924,75148.0,0.0,C1763305509,2350814.43,2634382.84,0,0,1,2275666.43
592,CASH_OUT,275049.26,C530456175,0.0,0.0,C2083343419,2139364.73,2414413.99,0,0,1,2139364.73
647,CASH_OUT,2253811.33,C1631859649,2253811.33,0.0,C526945673,0.0,2253811.33,1,0,1,2253811.33
397,TRANSFER,387408.11,C2000198791,387408.11,0.0,C785994676,0.0,0.0,1,0,1,387408.11
467,TRANSFER,2108440.98,C581609779,2108440.98,0.0,C224105862,0.0,0.0,1,0,1,2108440.98
349,CASH_IN,86921.35,C601356089,5070.0,91991.35,C2016379838,0.0,0.0,0,0,0,5070.0
271,TRANSFER,5926745.36,C393546828,5926745.36,0.0,C516790131,0.0,0.0,1,0,1,5926745.36
75,CASH_OUT,810039.19,C1922445613,810039.19,0.0,C461145537,409035.12,1219074.31,1,0,1,401004.06999999995
362,TRANSFER,1139165.57,C828020985,1139165.57,0.0,C2065608692,0.0,0.0,1,0,1,1139165.57
227,CASH_OUT,123754.72,C619568108,0.0,0.0,C2056103121,5116546.35,5240301.07,0,0,1,5116546.35
191,TRANSFER,114743.39,C1822241630,114743.39,0.0,C1691662362,0.0,0.0,1,0,1,114743.39
133,DEBIT,449.19,C1099200798,105137.0,104687.81,C994660647,722522.04,722971.22,0,1,0,617385.04
158,PAYMENT,18447.76,C532544974,0.0,0.0,M1868695576,0.0,0.0,0,1,0,0.0
326,CASH_IN,28756.37,C980177309,1448.0,30204.37,C997756649,0.0,0.0,0,0,0,1448.0
348,CASH_OUT,41223.83,C2084670154,0.0,0.0,C1360259649,3169540.74,3210764.57,0,0,1,3169540.74
333,CASH_IN,12253.84,C1752676552,3876586.51,3888840.36,C2114641109,128107.99,15639.65,0,0,0,3748478.5199999996
333,PAYMENT,29027.07,C1127963294,511.0,0.0,M320721193,0.0,0.0,0,1,0,511.0
188,CASH_OUT,179002.86,C2058152841,166930.92,0.0,C1963247363,1088958.4,1267961.26,0,0,1,922027.4799999999
714,CASH_OUT,390763.24,C1246584069,390763.24,0.0,C592943127,1422500.77,1813264.01,1,0,1,1031737.53
185,PAYMENT,20945.48,C805566741,0.0,0.0,M585523919,0.0,0.0,0,1,0,0.0
403,PAYMENT,12657.27,C1653616100,0.0,0.0,M1596297976,0.0,0.0,0,1,0,0.0
301,CASH_IN,152716.94,C988571669,726971.24,879688.18,C1878588507,817331.83,664614.89,0,0,0,90360.58999999997
178,TRANSFER,3354200.39,C95297644,3354200.39,0.0,C679714329,0.0,0.0,1,0,1,3354200.39
18,PAYMENT,22044.73,C507807871,26003.0,3958.27,M724875605,0.0,0.0,0,1,0,26003.0
478,CASH_OUT,51183.25,C1702286599,51183.25,0.0,C2107067819,0.0,51183.25,1,0,1,51183.25
11,DEBIT,54188.96,C758611919,92051.91,37862.95,C1652857712,169859.35,224048.31,0,1,0,77807.44
64,CASH_OUT,37796.75,C758006561,37796.75,0.0,C2079728909,211905.39,249702.14,1,0,1,174108.64
547,PAYMENT,6291.21,C1256298160,0.0,0.0,M1685095327,0.0,0.0,0,1,0,0.0
174,TRANSFER,1244224.16,C381361852,1244224.16,0.0,C1125303193,0.0,0.0,1,0,1,1244224.16
116,CASH_OUT,1243269.91,C2060685721,1243269.91,0.0,C2030405592,25244.22,1268514.13,1,0,1,1218025.69
179,CASH_OUT,172611.48,C1518008167,0.0,0.0,C1883340818,7045929.5,7218540.98,0,0,1,7045929.5
256,PAYMENT,3916.9,C1930224312,0.0,0.0,M1997555345,0.0,0.0,0,1,0,0.0
727,TRANSFER,124582.58,C651444933,124582.58,0.0,C1161818914,0.0,0.0,1,0,1,124582.58
164,CASH_IN,187731.39,C415697254,153155.0,340886.39,C807556315,174897.06,0.0,0,0,0,21742.059999999998
133,CASH_OUT,585935.48,C1367698756,0.0,0.0,C546043383,5476011.41,6061946.89,0,0,1,5476011.41
544,CASH_OUT,412668.39,C84071102,412668.39,0.0,C1576697216,1445047.47,1857715.86,1,0,1,1032379.08
378,TRANSFER,529956.39,C1566632147,35498.0,0.0,C2058916186,1870313.45,2400269.83,0,0,1,1834815.45
163,CASH_OUT,152848.62,C839552105,3626.29,0.0,C1522419348,1104349.04,1257197.65,0,0,1,1100722.75
257,CASH_OUT,276787.54,C624231368,193861.0,0.0,C428930603,3092244.24,3369031.78,0,0,1,2898383.24
592,TRANSFER,458361.83,C2050469537,458361.83,0.0,C2018291358,0.0,0.0,1,0,1,458361.83
183,TRANSFER,1503297.45,C1611595121,1503297.45,0.0,C739347171,0.0,0.0,1,0,1,1503297.45
380,PAYMENT,5864.06,C895739749,0.0,0.0,M431044585,0.0,0.0,0,1,0,0.0
178,CASH_IN,71868.84,C236544775,468.0,72336.84,C143138982,1141888.13,1070019.29,0,0,0,1141420.13
20,PAYMENT,3423.33,C964638786,11579.0,8155.67,M633880022,0.0,0.0,0,1,0,11579.0
540,CASH_OUT,342970.95,C1947443919,342970.95,0.0,C1241262856,660948.23,1003919.18,1,0,1,317977.27999999997
17,CASH_OUT,252548.69,C890381032,0.0,0.0,C1023529951,619031.79,871580.49,0,0,1,619031.79
140,CASH_IN,296722.96,C454221578,10668386.79,10965109.75,C550738623,1386371.23,1089648.28,0,0,0,9282015.559999999
185,PAYMENT,640.55,C606414835,0.0,0.0,M1744236530,0.0,0.0,0,1,0,0.0
184,TRANSFER,283239.98,C640029394,5184.0,0.0,C251524222,0.0,283239.98,0,0,1,5184.0
353,TRANSFER,1650571.63,C1703118270,0.0,0.0,C873903397,3608601.4,5259173.03,0,0,1,3608601.4
387,TRANSFER,245970.86,C174478461,245970.86,0.0,C1779281480,0.0,0.0,1,0,1,245970.86
251,PAYMENT,50715.04,C882837893,9587.0,0.0,M828106265,0.0,0.0,0,1,0,9587.0
45,CASH_IN,250665.73,C885603134,743.0,251408.73,C1822551746,0.0,0.0,0,0,0,743.0
16,CASH_OUT,4114.45,C1594755967,0.0,0.0,C42158278,4044586.39,4048700.84,0,0,1,4044586.39
234,TRANSFER,470922.15,C386926753,470922.15,0.0,C527524225,0.0,0.0,1,0,1,470922.15
163,CASH_IN,24899.62,C887120702,11454.0,36353.62,C680392303,170470.92,145571.29,0,0,0,159016.92
180,DEBIT,1159.72,C281172583,29816.0,28656.28,C1613252151,1384218.12,1385377.85,0,1,0,1354402.12
250,CASH_IN,79039.9,C218940017,30657335.09,30736374.98,C1948671533,237263.41,158223.52,0,0,0,30420071.68
363,CASH_OUT,1715635.41,C356781229,1715635.41,0.0,C159373411,0.0,1715635.41,1,0,1,1715635.41
659,TRANSFER,50577.26,C1316214248,50577.26,0.0,C258297830,0.0,0.0,1,0,1,50577.26
19,CASH_IN,51303.01,C711197549,330169.41,381472.41,C1330123962,838693.72,596827.85,0,0,0,508524.31
302,CASH_IN,95129.89,C1191305935,17454642.39,17549772.29,C49122334,2859781.01,2764651.12,0,0,0,14594861.38
125,CASH_OUT,621569.61,C2048762719,621569.61,0.0,C177739457,270256.82,891826.43,1,0,1,351312.79
374,CASH_OUT,156000.28,C346725476,0.0,0.0,C896978560,2935696.41,3091696.69,0,0,1,2935696.41
275,CASH_OUT,211496.63,C1761885111,30707.0,0.0,C530152245,582916.82,794413.45,0,0,1,552209.82
323,PAYMENT,742.06,C1002980604,0.0,0.0,M1797822531,0.0,0.0,0,1,0,0.0
209,CASH_OUT,329156.43,C665359708,329156.43,0.0,C1324874027,0.0,329156.43,1,0,1,329156.43
305,CASH_IN,25296.32,C1395337546,6217.0,31513.32,C1608830340,193629.35,168333.03,0,0,0,187412.35
520,CASH_OUT,3283695.97,C547834649,3283695.97,0.0,C1618701019,154559.87,3438255.84,1,0,1,3129136.1
309,PAYMENT,3538.2,C2129686508,11594.0,8055.8,M523874055,0.0,0.0,0,1,0,11594.0
40,CASH_OUT,140331.32,C1612475860,9484.22,0.0,C1316886622,467782.86,608114.18,0,0,1,458298.64
324,CASH_OUT,115016.67,C1954869606,50263.0,0.0,C1045077474,68853.33,183869.99,0,0,1,18590.33
166,PAYMENT,6283.39,C183723951,7140.0,856.61,M257038162,0.0,0.0,0,1,0,7140.0
207,CASH_OUT,321933.54,C337198410,15895.0,0.0,C2041843525,341108.49,663042.03,0,0,1,325213.49
164,PAYMENT,5070.8,C1817910629,190.0,0.0,M981339971,0.0,0.0,0,1,0,190.0
298,CASH_OUT,173833.78,C1112634506,16302.0,0.0,C996800768,316909.31,490743.09,0,0,1,300607.31
58,TRANSFER,561948.38,C856217790,561948.38,0.0,C1278181974,0.0,0.0,1,0,1,561948.38
72,CASH_OUT,622235.32,C615309889,622235.32,0.0,C755984599,3377968.96,4000204.28,1,0,1,2755733.64
178,CASH_OUT,119604.13,C42162938,30678.0,0.0,C540527919,22457787.17,22577391.3,0,0,1,22427109.17
84,TRANSFER,152331.26,C397720555,152331.26,0.0,C1006668962,0.0,0.0,1,0,1,152331.26
